-- phpMyAdmin SQL Dump
-- version 5.2.0
-- https://www.phpmyadmin.net/
--
-- Host: 127.0.0.1
-- Tempo de geração: 13-Fev-2025 às 13:59
-- Versão do servidor: 10.4.27-MariaDB
-- versão do PHP: 8.1.12

SET SQL_MODE = "NO_AUTO_VALUE_ON_ZERO";
START TRANSACTION;
SET time_zone = "+00:00";


/*!40101 SET @OLD_CHARACTER_SET_CLIENT=@@CHARACTER_SET_CLIENT */;
/*!40101 SET @OLD_CHARACTER_SET_RESULTS=@@CHARACTER_SET_RESULTS */;
/*!40101 SET @OLD_COLLATION_CONNECTION=@@COLLATION_CONNECTION */;
/*!40101 SET NAMES utf8mb4 */;

--
-- Banco de dados: `2bpmi1cia`
--
CREATE DATABASE IF NOT EXISTS `2bpmi1cia` DEFAULT CHARACTER SET utf8mb4 COLLATE utf8mb4_general_ci;
USE `2bpmi1cia`;

-- --------------------------------------------------------

--
-- Estrutura da tabela `categoriacnh`
--

CREATE TABLE `categoriacnh` (
  `id` int(1) NOT NULL,
  `categoria` varchar(2) NOT NULL
) ENGINE=InnoDB DEFAULT CHARSET=utf8mb4 COLLATE=utf8mb4_general_ci;

--
-- Extraindo dados da tabela `categoriacnh`
--

INSERT INTO `categoriacnh` (`id`, `categoria`) VALUES
(1, 'A'),
(2, 'B'),
(3, 'C'),
(4, 'D'),
(5, 'E'),
(6, 'AB'),
(7, 'AC'),
(8, 'AD'),
(9, 'AE');

-- --------------------------------------------------------

--
-- Estrutura da tabela `cidades`
--

CREATE TABLE `cidades` (
  `id` int(5) NOT NULL,
  `nome` varchar(120) DEFAULT NULL,
  `id_estado` int(2) DEFAULT NULL
) ENGINE=InnoDB DEFAULT CHARSET=utf8 COLLATE=utf8_unicode_ci;

--
-- Extraindo dados da tabela `cidades`
--

INSERT INTO `cidades` (`id`, `nome`, `id_estado`) VALUES
(1, 'Acrelândia', 1),
(2, 'Assis Brasil', 1),
(3, 'Brasiléia', 1),
(4, 'Bujari', 1),
(5, 'Capixaba', 1),
(6, 'Cruzeiro do Sul', 1),
(7, 'Epitaciolândia', 1),
(8, 'Feijó', 1),
(9, 'Jordão', 1),
(10, 'Mâncio Lima', 1),
(11, 'Manoel Urbano', 1),
(12, 'Marechal Thaumaturgo', 1),
(13, 'Plácido de Castro', 1),
(14, 'Porto Acre', 1),
(15, 'Porto Walter', 1),
(16, 'Rio Branco', 1),
(17, 'Rodrigues Alves', 1),
(18, 'Santa Rosa do Purus', 1),
(19, 'Sena Madureira', 1),
(20, 'Senador Guiomard', 1),
(21, 'Tarauacá', 1),
(22, 'Xapuri', 1),
(23, 'Água Branca', 2),
(24, 'Anadia', 2),
(25, 'Arapiraca', 2),
(26, 'Atalaia', 2),
(27, 'Barra de Santo Antônio', 2),
(28, 'Barra de São Miguel', 2),
(29, 'Batalha', 2),
(30, 'Belém', 2),
(31, 'Belo Monte', 2),
(32, 'Boca da Mata', 2),
(33, 'Branquinha', 2),
(34, 'Cacimbinhas', 2),
(35, 'Cajueiro', 2),
(36, 'Campestre', 2),
(37, 'Campo Alegre', 2),
(38, 'Campo Grande', 2),
(39, 'Canapi', 2),
(40, 'Capela', 2),
(41, 'Carneiros', 2),
(42, 'Chã Preta', 2),
(43, 'Coité do Nóia', 2),
(44, 'Colônia Leopoldina', 2),
(45, 'Coqueiro Seco', 2),
(46, 'Coruripe', 2),
(47, 'Craíbas', 2),
(48, 'Delmiro Gouveia', 2),
(49, 'Dois Riachos', 2),
(50, 'Estrela de Alagoas', 2),
(51, 'Feira Grande', 2),
(52, 'Feliz Deserto', 2),
(53, 'Flexeiras', 2),
(54, 'Girau do Ponciano', 2),
(55, 'Ibateguara', 2),
(56, 'Igaci', 2),
(57, 'Igreja Nova', 2),
(58, 'Inhapi', 2),
(59, 'Jacaré dos Homens', 2),
(60, 'Jacuípe', 2),
(61, 'Japaratinga', 2),
(62, 'Jaramataia', 2),
(63, 'Jequiá da Praia', 2),
(64, 'Joaquim Gomes', 2),
(65, 'Jundiá', 2),
(66, 'Junqueiro', 2),
(67, 'Lagoa da Canoa', 2),
(68, 'Limoeiro de Anadia', 2),
(69, 'Maceió', 2),
(70, 'Major Isidoro', 2),
(71, 'Mar Vermelho', 2),
(72, 'Maragogi', 2),
(73, 'Maravilha', 2),
(74, 'Marechal Deodoro', 2),
(75, 'Maribondo', 2),
(76, 'Mata Grande', 2),
(77, 'Matriz de Camaragibe', 2),
(78, 'Messias', 2),
(79, 'Minador do Negrão', 2),
(80, 'Monteirópolis', 2),
(81, 'Murici', 2),
(82, 'Novo Lino', 2),
(83, 'Olho d Água das Flores', 2),
(84, 'Olho d Água do Casado', 2),
(85, 'Olho d Água Grande', 2),
(86, 'Olivença', 2),
(87, 'Ouro Branco', 2),
(88, 'Palestina', 2),
(89, 'Palmeira dos Índios', 2),
(90, 'Pão de Açúcar', 2),
(91, 'Pariconha', 2),
(92, 'Paripueira', 2),
(93, 'Passo de Camaragibe', 2),
(94, 'Paulo Jacinto', 2),
(95, 'Penedo', 2),
(96, 'Piaçabuçu', 2),
(97, 'Pilar', 2),
(98, 'Pindoba', 2),
(99, 'Piranhas', 2),
(100, 'Poço das Trincheiras', 2),
(101, 'Porto Calvo', 2),
(102, 'Porto de Pedras', 2),
(103, 'Porto Real do Colégio', 2),
(104, 'Quebrangulo', 2),
(105, 'Rio Largo', 2),
(106, 'Roteiro', 2),
(107, 'Santa Luzia do Norte', 2),
(108, 'Santana do Ipanema', 2),
(109, 'Santana do Mundaú', 2),
(110, 'São Brás', 2),
(111, 'São José da Laje', 2),
(112, 'São José da Tapera', 2),
(113, 'São Luís do Quitunde', 2),
(114, 'São Miguel dos Campos', 2),
(115, 'São Miguel dos Milagres', 2),
(116, 'São Sebastião', 2),
(117, 'Satuba', 2),
(118, 'Senador Rui Palmeira', 2),
(119, 'Tanque d Arca', 2),
(120, 'Taquarana', 2),
(121, 'Teotônio Vilela', 2),
(122, 'Traipu', 2),
(123, 'União dos Palmares', 2),
(124, 'Viçosa', 2),
(125, 'Alvarães', 3),
(126, 'Amaturá', 3),
(127, 'Anamã', 3),
(128, 'Anori', 3),
(129, 'Apuí', 3),
(130, 'Atalaia do Norte', 3),
(131, 'Autazes', 3),
(132, 'Barcelos', 3),
(133, 'Barreirinha', 3),
(134, 'Benjamin Constant', 3),
(135, 'Beruri', 3),
(136, 'Boa Vista do Ramos', 3),
(137, 'Boca do Acre', 3),
(138, 'Borba', 3),
(139, 'Caapiranga', 3),
(140, 'Canutama', 3),
(141, 'Carauari', 3),
(142, 'Careiro', 3),
(143, 'Careiro da Várzea', 3),
(144, 'Coari', 3),
(145, 'Codajás', 3),
(146, 'Eirunepé', 3),
(147, 'Envira', 3),
(148, 'Fonte Boa', 3),
(149, 'Guajará', 3),
(150, 'Humaitá', 3),
(151, 'Ipixuna', 3),
(152, 'Iranduba', 3),
(153, 'Itacoatiara', 3),
(154, 'Itamarati', 3),
(155, 'Itapiranga', 3),
(156, 'Japurá', 3),
(157, 'Juruá', 3),
(158, 'Jutaí', 3),
(159, 'Lábrea', 3),
(160, 'Manacapuru', 3),
(161, 'Manaquiri', 3),
(162, 'Manaus', 3),
(163, 'Manicoré', 3),
(164, 'Maraã', 3),
(165, 'Maués', 3),
(166, 'Nhamundá', 3),
(167, 'Nova Olinda do Norte', 3),
(168, 'Novo Airão', 3),
(169, 'Novo Aripuanã', 3),
(170, 'Parintins', 3),
(171, 'Pauini', 3),
(172, 'Presidente Figueiredo', 3),
(173, 'Rio Preto da Eva', 3),
(174, 'Santa Isabel do Rio Negro', 3),
(175, 'Santo Antônio do Içá', 3),
(176, 'São Gabriel da Cachoeira', 3),
(177, 'São Paulo de Olivença', 3),
(178, 'São Sebastião do Uatumã', 3),
(179, 'Silves', 3),
(180, 'Tabatinga', 3),
(181, 'Tapauá', 3),
(182, 'Tefé', 3),
(183, 'Tonantins', 3),
(184, 'Uarini', 3),
(185, 'Urucará', 3),
(186, 'Urucurituba', 3),
(187, 'Amapá', 4),
(188, 'Calçoene', 4),
(189, 'Cutias', 4),
(190, 'Ferreira Gomes', 4),
(191, 'Itaubal', 4),
(192, 'Laranjal do Jari', 4),
(193, 'Macapá', 4),
(194, 'Mazagão', 4),
(195, 'Oiapoque', 4),
(196, 'Pedra Branca do Amapari', 4),
(197, 'Porto Grande', 4),
(198, 'Pracuúba', 4),
(199, 'Santana', 4),
(200, 'Serra do Navio', 4),
(201, 'Tartarugalzinho', 4),
(202, 'Vitória do Jari', 4),
(203, 'Abaíra', 5),
(204, 'Abaré', 5),
(205, 'Acajutiba', 5),
(206, 'Adustina', 5),
(207, 'Água Fria', 5),
(208, 'Aiquara', 5),
(209, 'Alagoinhas', 5),
(210, 'Alcobaça', 5),
(211, 'Almadina', 5),
(212, 'Amargosa', 5),
(213, 'Amélia Rodrigues', 5),
(214, 'América Dourada', 5),
(215, 'Anagé', 5),
(216, 'Andaraí', 5),
(217, 'Andorinha', 5),
(218, 'Angical', 5),
(219, 'Anguera', 5),
(220, 'Antas', 5),
(221, 'Antônio Cardoso', 5),
(222, 'Antônio Gonçalves', 5),
(223, 'Aporá', 5),
(224, 'Apuarema', 5),
(225, 'Araças', 5),
(226, 'Aracatu', 5),
(227, 'Araci', 5),
(228, 'Aramari', 5),
(229, 'Arataca', 5),
(230, 'Aratuípe', 5),
(231, 'Aurelino Leal', 5),
(232, 'Baianópolis', 5),
(233, 'Baixa Grande', 5),
(234, 'Banzaê', 5),
(235, 'Barra', 5),
(236, 'Barra da Estiva', 5),
(237, 'Barra do Choça', 5),
(238, 'Barra do Mendes', 5),
(239, 'Barra do Rocha', 5),
(240, 'Barreiras', 5),
(241, 'Barro Alto', 5),
(242, 'Barrocas', 5),
(243, 'Barro Preto', 5),
(244, 'Belmonte', 5),
(245, 'Belo Campo', 5),
(246, 'Biritinga', 5),
(247, 'Boa Nova', 5),
(248, 'Boa Vista do Tupim', 5),
(249, 'Bom Jesus da Lapa', 5),
(250, 'Bom Jesus da Serra', 5),
(251, 'Boninal', 5),
(252, 'Bonito', 5),
(253, 'Boquira', 5),
(254, 'Botuporã', 5),
(255, 'Brejões', 5),
(256, 'Brejolândia', 5),
(257, 'Brotas de Macaúbas', 5),
(258, 'Brumado', 5),
(259, 'Buerarema', 5),
(260, 'Buritirama', 5),
(261, 'Caatiba', 5),
(262, 'Cabaceiras do Paraguaçu', 5),
(263, 'Cachoeira', 5),
(264, 'Caculé', 5),
(265, 'Caém', 5),
(266, 'Caetanos', 5),
(267, 'Caetité', 5),
(268, 'Cafarnaum', 5),
(269, 'Cairu', 5),
(270, 'Caldeirão Grande', 5),
(271, 'Camacan', 5),
(272, 'Camaçari', 5),
(273, 'Camamu', 5),
(274, 'Campo Alegre de Lourdes', 5),
(275, 'Campo Formoso', 5),
(276, 'Canápolis', 5),
(277, 'Canarana', 5),
(278, 'Canavieiras', 5),
(279, 'Candeal', 5),
(280, 'Candeias', 5),
(281, 'Candiba', 5),
(282, 'Cândido Sales', 5),
(283, 'Cansanção', 5),
(284, 'Canudos', 5),
(285, 'Capela do Alto Alegre', 5),
(286, 'Capim Grosso', 5),
(287, 'Caraíbas', 5),
(288, 'Caravelas', 5),
(289, 'Cardeal da Silva', 5),
(290, 'Carinhanha', 5),
(291, 'Casa Nova', 5),
(292, 'Castro Alves', 5),
(293, 'Catolândia', 5),
(294, 'Catu', 5),
(295, 'Caturama', 5),
(296, 'Central', 5),
(297, 'Chorrochó', 5),
(298, 'Cícero Dantas', 5),
(299, 'Cipó', 5),
(300, 'Coaraci', 5),
(301, 'Cocos', 5),
(302, 'Conceição da Feira', 5),
(303, 'Conceição do Almeida', 5),
(304, 'Conceição do Coité', 5),
(305, 'Conceição do Jacuípe', 5),
(306, 'Conde', 5),
(307, 'Condeúba', 5),
(308, 'Contendas do Sincorá', 5),
(309, 'Coração de Maria', 5),
(310, 'Cordeiros', 5),
(311, 'Coribe', 5),
(312, 'Coronel João Sá', 5),
(313, 'Correntina', 5),
(314, 'Cotegipe', 5),
(315, 'Cravolândia', 5),
(316, 'Crisópolis', 5),
(317, 'Cristópolis', 5),
(318, 'Cruz das Almas', 5),
(319, 'Curaçá', 5),
(320, 'Dário Meira', 5),
(321, 'Dias d Ávila', 5),
(322, 'Dom Basílio', 5),
(323, 'Dom Macedo Costa', 5),
(324, 'Elísio Medrado', 5),
(325, 'Encruzilhada', 5),
(326, 'Entre Rios', 5),
(327, 'Érico Cardoso', 5),
(328, 'Esplanada', 5),
(329, 'Euclides da Cunha', 5),
(330, 'Eunápolis', 5),
(331, 'Fátima', 5),
(332, 'Feira da Mata', 5),
(333, 'Feira de Santana', 5),
(334, 'Filadélfia', 5),
(335, 'Firmino Alves', 5),
(336, 'Floresta Azul', 5),
(337, 'Formosa do Rio Preto', 5),
(338, 'Gandu', 5),
(339, 'Gavião', 5),
(340, 'Gentio do Ouro', 5),
(341, 'Glória', 5),
(342, 'Gongogi', 5),
(343, 'Governador Mangabeira', 5),
(344, 'Guajeru', 5),
(345, 'Guanambi', 5),
(346, 'Guaratinga', 5),
(347, 'Heliópolis', 5),
(348, 'Iaçu', 5),
(349, 'Ibiassucê', 5),
(350, 'Ibicaraí', 5),
(351, 'Ibicoara', 5),
(352, 'Ibicuí', 5),
(353, 'Ibipeba', 5),
(354, 'Ibipitanga', 5),
(355, 'Ibiquera', 5),
(356, 'Ibirapitanga', 5),
(357, 'Ibirapuã', 5),
(358, 'Ibirataia', 5),
(359, 'Ibitiara', 5),
(360, 'Ibititá', 5),
(361, 'Ibotirama', 5),
(362, 'Ichu', 5),
(363, 'Igaporã', 5),
(364, 'Igrapiúna', 5),
(365, 'Iguaí', 5),
(366, 'Ilhéus', 5),
(367, 'Inhambupe', 5),
(368, 'Ipecaetá', 5),
(369, 'Ipiaú', 5),
(370, 'Ipirá', 5),
(371, 'Ipupiara', 5),
(372, 'Irajuba', 5),
(373, 'Iramaia', 5),
(374, 'Iraquara', 5),
(375, 'Irará', 5),
(376, 'Irecê', 5),
(377, 'Itabela', 5),
(378, 'Itaberaba', 5),
(379, 'Itabuna', 5),
(380, 'Itacaré', 5),
(381, 'Itaeté', 5),
(382, 'Itagi', 5),
(383, 'Itagibá', 5),
(384, 'Itagimirim', 5),
(385, 'Itaguaçu da Bahia', 5),
(386, 'Itaju do Colônia', 5),
(387, 'Itajuípe', 5),
(388, 'Itamaraju', 5),
(389, 'Itamari', 5),
(390, 'Itambé', 5),
(391, 'Itanagra', 5),
(392, 'Itanhém', 5),
(393, 'Itaparica', 5),
(394, 'Itapé', 5),
(395, 'Itapebi', 5),
(396, 'Itapetinga', 5),
(397, 'Itapicuru', 5),
(398, 'Itapitanga', 5),
(399, 'Itaquara', 5),
(400, 'Itarantim', 5),
(401, 'Itatim', 5),
(402, 'Itiruçu', 5),
(403, 'Itiúba', 5),
(404, 'Itororó', 5),
(405, 'Ituaçu', 5),
(406, 'Ituberá', 5),
(407, 'Iuiú', 5),
(408, 'Jaborandi', 5),
(409, 'Jacaraci', 5),
(410, 'Jacobina', 5),
(411, 'Jaguaquara', 5),
(412, 'Jaguarari', 5),
(413, 'Jaguaripe', 5),
(414, 'Jandaíra', 5),
(415, 'Jequié', 5),
(416, 'Jeremoabo', 5),
(417, 'Jiquiriçá', 5),
(418, 'Jitaúna', 5),
(419, 'João Dourado', 5),
(420, 'Juazeiro', 5),
(421, 'Jucuruçu', 5),
(422, 'Jussara', 5),
(423, 'Jussari', 5),
(424, 'Jussiape', 5),
(425, 'Lafaiete Coutinho', 5),
(426, 'Lagoa Real', 5),
(427, 'Laje', 5),
(428, 'Lajedão', 5),
(429, 'Lajedinho', 5),
(430, 'Lajedo do Tabocal', 5),
(431, 'Lamarão', 5),
(432, 'Lapão', 5),
(433, 'Lauro de Freitas', 5),
(434, 'Lençóis', 5),
(435, 'Licínio de Almeida', 5),
(436, 'Livramento de Nossa Senhora', 5),
(437, 'Luís Eduardo Magalhães', 5),
(438, 'Macajuba', 5),
(439, 'Macarani', 5),
(440, 'Macaúbas', 5),
(441, 'Macururé', 5),
(442, 'Madre de Deus', 5),
(443, 'Maetinga', 5),
(444, 'Maiquinique', 5),
(445, 'Mairi', 5),
(446, 'Malhada', 5),
(447, 'Malhada de Pedras', 5),
(448, 'Manoel Vitorino', 5),
(449, 'Mansidão', 5),
(450, 'Maracás', 5),
(451, 'Maragogipe', 5),
(452, 'Maraú', 5),
(453, 'Marcionílio Souza', 5),
(454, 'Mascote', 5),
(455, 'Mata de São João', 5),
(456, 'Matina', 5),
(457, 'Medeiros Neto', 5),
(458, 'Miguel Calmon', 5),
(459, 'Milagres', 5),
(460, 'Mirangaba', 5),
(461, 'Mirante', 5),
(462, 'Monte Santo', 5),
(463, 'Morpará', 5),
(464, 'Morro do Chapéu', 5),
(465, 'Mortugaba', 5),
(466, 'Mucugê', 5),
(467, 'Mucuri', 5),
(468, 'Mulungu do Morro', 5),
(469, 'Mundo Novo', 5),
(470, 'Muniz Ferreira', 5),
(471, 'Muquém de São Francisco', 5),
(472, 'Muritiba', 5),
(473, 'Mutuípe', 5),
(474, 'Nazaré', 5),
(475, 'Nilo Peçanha', 5),
(476, 'Nordestina', 5),
(477, 'Nova Canaã', 5),
(478, 'Nova Fátima', 5),
(479, 'Nova Ibiá', 5),
(480, 'Nova Itarana', 5),
(481, 'Nova Redenção', 5),
(482, 'Nova Soure', 5),
(483, 'Nova Viçosa', 5),
(484, 'Novo Horizonte', 5),
(485, 'Novo Triunfo', 5),
(486, 'Olindina', 5),
(487, 'Oliveira dos Brejinhos', 5),
(488, 'Ouriçangas', 5),
(489, 'Ourolândia', 5),
(490, 'Palmas de Monte Alto', 5),
(491, 'Palmeiras', 5),
(492, 'Paramirim', 5),
(493, 'Paratinga', 5),
(494, 'Paripiranga', 5),
(495, 'Pau Brasil', 5),
(496, 'Paulo Afonso', 5),
(497, 'Pé de Serra', 5),
(498, 'Pedrão', 5),
(499, 'Pedro Alexandre', 5),
(500, 'Piatã', 5),
(501, 'Pilão Arcado', 5),
(502, 'Pindaí', 5),
(503, 'Pindobaçu', 5),
(504, 'Pintadas', 5),
(505, 'Piraí do Norte', 5),
(506, 'Piripá', 5),
(507, 'Piritiba', 5),
(508, 'Planaltino', 5),
(509, 'Planalto', 5),
(510, 'Poções', 5),
(511, 'Pojuca', 5),
(512, 'Ponto Novo', 5),
(513, 'Porto Seguro', 5),
(514, 'Potiraguá', 5),
(515, 'Prado', 5),
(516, 'Presidente Dutra', 5),
(517, 'Presidente Jânio Quadros', 5),
(518, 'Presidente Tancredo Neves', 5),
(519, 'Queimadas', 5),
(520, 'Quijingue', 5),
(521, 'Quixabeira', 5),
(522, 'Rafael Jambeiro', 5),
(523, 'Remanso', 5),
(524, 'Retirolândia', 5),
(525, 'Riachão das Neves', 5),
(526, 'Riachão do Jacuípe', 5),
(527, 'Riacho de Santana', 5),
(528, 'Ribeira do Amparo', 5),
(529, 'Ribeira do Pombal', 5),
(530, 'Ribeirão do Largo', 5),
(531, 'Rio de Contas', 5),
(532, 'Rio do Antônio', 5),
(533, 'Rio do Pires', 5),
(534, 'Rio Real', 5),
(535, 'Rodelas', 5),
(536, 'Ruy Barbosa', 5),
(537, 'Salinas da Margarida', 5),
(538, 'Salvador', 5),
(539, 'Santa Bárbara', 5),
(540, 'Santa Brígida', 5),
(541, 'Santa Cruz Cabrália', 5),
(542, 'Santa Cruz da Vitória', 5),
(543, 'Santa Inês', 5),
(544, 'Santa Luzia', 5),
(545, 'Santa Maria da Vitória', 5),
(546, 'Santa Rita de Cássia', 5),
(547, 'Santa Teresinha', 5),
(548, 'Santaluz', 5),
(549, 'Santana', 5),
(550, 'Santanópolis', 5),
(551, 'Santo Amaro', 5),
(552, 'Santo Antônio de Jesus', 5),
(553, 'Santo Estêvão', 5),
(554, 'São Desidério', 5),
(555, 'São Domingos', 5),
(556, 'São Felipe', 5),
(557, 'São Félix', 5),
(558, 'São Félix do Coribe', 5),
(559, 'São Francisco do Conde', 5),
(560, 'São Gabriel', 5),
(561, 'São Gonçalo dos Campos', 5),
(562, 'São José da Vitória', 5),
(563, 'São José do Jacuípe', 5),
(564, 'São Miguel das Matas', 5),
(565, 'São Sebastião do Passé', 5),
(566, 'Sapeaçu', 5),
(567, 'Sátiro Dias', 5),
(568, 'Saubara', 5),
(569, 'Saúde', 5),
(570, 'Seabra', 5),
(571, 'Sebastião Laranjeiras', 5),
(572, 'Senhor do Bonfim', 5),
(573, 'Sento Sé', 5),
(574, 'Serra do Ramalho', 5),
(575, 'Serra Dourada', 5),
(576, 'Serra Preta', 5),
(577, 'Serrinha', 5),
(578, 'Serrolândia', 5),
(579, 'Simões Filho', 5),
(580, 'Sítio do Mato', 5),
(581, 'Sítio do Quinto', 5),
(582, 'Sobradinho', 5),
(583, 'Souto Soares', 5),
(584, 'Tabocas do Brejo Velho', 5),
(585, 'Tanhaçu', 5),
(586, 'Tanque Novo', 5),
(587, 'Tanquinho', 5),
(588, 'Taperoá', 5),
(589, 'Tapiramutá', 5),
(590, 'Teixeira de Freitas', 5),
(591, 'Teodoro Sampaio', 5),
(592, 'Teofilândia', 5),
(593, 'Teolândia', 5),
(594, 'Terra Nova', 5),
(595, 'Tremedal', 5),
(596, 'Tucano', 5),
(597, 'Uauá', 5),
(598, 'Ubaíra', 5),
(599, 'Ubaitaba', 5),
(600, 'Ubatã', 5),
(601, 'Uibaí', 5),
(602, 'Umburanas', 5),
(603, 'Una', 5),
(604, 'Urandi', 5),
(605, 'Uruçuca', 5),
(606, 'Utinga', 5),
(607, 'Valença', 5),
(608, 'Valente', 5),
(609, 'Várzea da Roça', 5),
(610, 'Várzea do Poço', 5),
(611, 'Várzea Nova', 5),
(612, 'Varzedo', 5),
(613, 'Vera Cruz', 5),
(614, 'Vereda', 5),
(615, 'Vitória da Conquista', 5),
(616, 'Wagner', 5),
(617, 'Wanderley', 5),
(618, 'Wenceslau Guimarães', 5),
(619, 'Xique-Xique', 5),
(620, 'Abaiara', 6),
(621, 'Acarape', 6),
(622, 'Acaraú', 6),
(623, 'Acopiara', 6),
(624, 'Aiuaba', 6),
(625, 'Alcântaras', 6),
(626, 'Altaneira', 6),
(627, 'Alto Santo', 6),
(628, 'Amontada', 6),
(629, 'Antonina do Norte', 6),
(630, 'Apuiarés', 6),
(631, 'Aquiraz', 6),
(632, 'Aracati', 6),
(633, 'Aracoiaba', 6),
(634, 'Ararendá', 6),
(635, 'Araripe', 6),
(636, 'Aratuba', 6),
(637, 'Arneiroz', 6),
(638, 'Assaré', 6),
(639, 'Aurora', 6),
(640, 'Baixio', 6),
(641, 'Banabuiú', 6),
(642, 'Barbalha', 6),
(643, 'Barreira', 6),
(644, 'Barro', 6),
(645, 'Barroquinha', 6),
(646, 'Baturité', 6),
(647, 'Beberibe', 6),
(648, 'Bela Cruz', 6),
(649, 'Boa Viagem', 6),
(650, 'Brejo Santo', 6),
(651, 'Camocim', 6),
(652, 'Campos Sales', 6),
(653, 'Canindé', 6),
(654, 'Capistrano', 6),
(655, 'Caridade', 6),
(656, 'Cariré', 6),
(657, 'Caririaçu', 6),
(658, 'Cariús', 6),
(659, 'Carnaubal', 6),
(660, 'Cascavel', 6),
(661, 'Catarina', 6),
(662, 'Catunda', 6),
(663, 'Caucaia', 6),
(664, 'Cedro', 6),
(665, 'Chaval', 6),
(666, 'Choró', 6),
(667, 'Chorozinho', 6),
(668, 'Coreaú', 6),
(669, 'Crateús', 6),
(670, 'Crato', 6),
(671, 'Croatá', 6),
(672, 'Cruz', 6),
(673, 'Deputado Irapuan Pinheiro', 6),
(674, 'Ererê', 6),
(675, 'Eusébio', 6),
(676, 'Farias Brito', 6),
(677, 'Forquilha', 6),
(678, 'Fortaleza', 6),
(679, 'Fortim', 6),
(680, 'Frecheirinha', 6),
(681, 'General Sampaio', 6),
(682, 'Graça', 6),
(683, 'Granja', 6),
(684, 'Granjeiro', 6),
(685, 'Groaíras', 6),
(686, 'Guaiúba', 6),
(687, 'Guaraciaba do Norte', 6),
(688, 'Guaramiranga', 6),
(689, 'Hidrolândia', 6),
(690, 'Horizonte', 6),
(691, 'Ibaretama', 6),
(692, 'Ibiapina', 6),
(693, 'Ibicuitinga', 6),
(694, 'Icapuí', 6),
(695, 'Icó', 6),
(696, 'Iguatu', 6),
(697, 'Independência', 6),
(698, 'Ipaporanga', 6),
(699, 'Ipaumirim', 6),
(700, 'Ipu', 6),
(701, 'Ipueiras', 6),
(702, 'Iracema', 6),
(703, 'Irauçuba', 6),
(704, 'Itaiçaba', 6),
(705, 'Itaitinga', 6),
(706, 'Itapajé', 6),
(707, 'Itapipoca', 6),
(708, 'Itapiúna', 6),
(709, 'Itarema', 6),
(710, 'Itatira', 6),
(711, 'Jaguaretama', 6),
(712, 'Jaguaribara', 6),
(713, 'Jaguaribe', 6),
(714, 'Jaguaruana', 6),
(715, 'Jardim', 6),
(716, 'Jati', 6),
(717, 'Jijoca de Jericoacoara', 6),
(718, 'Juazeiro do Norte', 6),
(719, 'Jucás', 6),
(720, 'Lavras da Mangabeira', 6),
(721, 'Limoeiro do Norte', 6),
(722, 'Madalena', 6),
(723, 'Maracanaú', 6),
(724, 'Maranguape', 6),
(725, 'Marco', 6),
(726, 'Martinópole', 6),
(727, 'Massapê', 6),
(728, 'Mauriti', 6),
(729, 'Meruoca', 6),
(730, 'Milagres', 6),
(731, 'Milhã', 6),
(732, 'Miraíma', 6),
(733, 'Missão Velha', 6),
(734, 'Mombaça', 6),
(735, 'Monsenhor Tabosa', 6),
(736, 'Morada Nova', 6),
(737, 'Moraújo', 6),
(738, 'Morrinhos', 6),
(739, 'Mucambo', 6),
(740, 'Mulungu', 6),
(741, 'Nova Olinda', 6),
(742, 'Nova Russas', 6),
(743, 'Novo Oriente', 6),
(744, 'Ocara', 6),
(745, 'Orós', 6),
(746, 'Pacajus', 6),
(747, 'Pacatuba', 6),
(748, 'Pacoti', 6),
(749, 'Pacujá', 6),
(750, 'Palhano', 6),
(751, 'Palmácia', 6),
(752, 'Paracuru', 6),
(753, 'Paraipaba', 6),
(754, 'Parambu', 6),
(755, 'Paramoti', 6),
(756, 'Pedra Branca', 6),
(757, 'Penaforte', 6),
(758, 'Pentecoste', 6),
(759, 'Pereiro', 6),
(760, 'Pindoretama', 6),
(761, 'Piquet Carneiro', 6),
(762, 'Pires Ferreira', 6),
(763, 'Poranga', 6),
(764, 'Porteiras', 6),
(765, 'Potengi', 6),
(766, 'Potiretama', 6),
(767, 'Quiterianópolis', 6),
(768, 'Quixadá', 6),
(769, 'Quixelô', 6),
(770, 'Quixeramobim', 6),
(771, 'Quixeré', 6),
(772, 'Redenção', 6),
(773, 'Reriutaba', 6),
(774, 'Russas', 6),
(775, 'Saboeiro', 6),
(776, 'Salitre', 6),
(777, 'Santa Quitéria', 6),
(778, 'Santana do Acaraú', 6),
(779, 'Santana do Cariri', 6),
(780, 'São Benedito', 6),
(781, 'São Gonçalo do Amarante', 6),
(782, 'São João do Jaguaribe', 6),
(783, 'São Luís do Curu', 6),
(784, 'Senador Pompeu', 6),
(785, 'Senador Sá', 6),
(786, 'Sobral', 6),
(787, 'Solonópole', 6),
(788, 'Tabuleiro do Norte', 6),
(789, 'Tamboril', 6),
(790, 'Tarrafas', 6),
(791, 'Tauá', 6),
(792, 'Tejuçuoca', 6),
(793, 'Tianguá', 6),
(794, 'Trairi', 6),
(795, 'Tururu', 6),
(796, 'Ubajara', 6),
(797, 'Umari', 6),
(798, 'Umirim', 6),
(799, 'Uruburetama', 6),
(800, 'Uruoca', 6),
(801, 'Varjota', 6),
(802, 'Várzea Alegre', 6),
(803, 'Viçosa do Ceará', 6),
(804, 'Brasília', 7),
(805, 'Afonso Cláudio', 8),
(806, 'Água Doce do Norte', 8),
(807, 'Águia Branca', 8),
(808, 'Alegre', 8),
(809, 'Alfredo Chaves', 8),
(810, 'Alto Rio Novo', 8),
(811, 'Anchieta', 8),
(812, 'Apiacá', 8),
(813, 'Aracruz', 8),
(814, 'Atilio Vivacqua', 8),
(815, 'Baixo Guandu', 8),
(816, 'Barra de São Francisco', 8),
(817, 'Boa Esperança', 8),
(818, 'Bom Jesus do Norte', 8),
(819, 'Brejetuba', 8),
(820, 'Cachoeiro de Itapemirim', 8),
(821, 'Cariacica', 8),
(822, 'Castelo', 8),
(823, 'Colatina', 8),
(824, 'Conceição da Barra', 8),
(825, 'Conceição do Castelo', 8),
(826, 'Divino de São Lourenço', 8),
(827, 'Domingos Martins', 8),
(828, 'Dores do Rio Preto', 8),
(829, 'Ecoporanga', 8),
(830, 'Fundão', 8),
(831, 'Governador Lindenberg', 8),
(832, 'Guaçuí', 8),
(833, 'Guarapari', 8),
(834, 'Ibatiba', 8),
(835, 'Ibiraçu', 8),
(836, 'Ibitirama', 8),
(837, 'Iconha', 8),
(838, 'Irupi', 8),
(839, 'Itaguaçu', 8),
(840, 'Itapemirim', 8),
(841, 'Itarana', 8),
(842, 'Iúna', 8),
(843, 'Jaguaré', 8),
(844, 'Jerônimo Monteiro', 8),
(845, 'João Neiva', 8),
(846, 'Laranja da Terra', 8),
(847, 'Linhares', 8),
(848, 'Mantenópolis', 8),
(849, 'Marataízes', 8),
(850, 'Marechal Floriano', 8),
(851, 'Marilândia', 8),
(852, 'Mimoso do Sul', 8),
(853, 'Montanha', 8),
(854, 'Mucurici', 8),
(855, 'Muniz Freire', 8),
(856, 'Muqui', 8),
(857, 'Nova Venécia', 8),
(858, 'Pancas', 8),
(859, 'Pedro Canário', 8),
(860, 'Pinheiros', 8),
(861, 'Piúma', 8),
(862, 'Ponto Belo', 8),
(863, 'Presidente Kennedy', 8),
(864, 'Rio Bananal', 8),
(865, 'Rio Novo do Sul', 8),
(866, 'Santa Leopoldina', 8),
(867, 'Santa Maria de Jetibá', 8),
(868, 'Santa Teresa', 8),
(869, 'São Domingos do Norte', 8),
(870, 'São Gabriel da Palha', 8),
(871, 'São José do Calçado', 8),
(872, 'São Mateus', 8),
(873, 'São Roque do Canaã', 8),
(874, 'Serra', 8),
(875, 'Sooretama', 8),
(876, 'Vargem Alta', 8),
(877, 'Venda Nova do Imigrante', 8),
(878, 'Viana', 8),
(879, 'Vila Pavão', 8),
(880, 'Vila Valério', 8),
(881, 'Vila Velha', 8),
(882, 'Vitória', 8),
(883, 'Abadia de Goiás', 9),
(884, 'Abadiânia', 9),
(885, 'Acreúna', 9),
(886, 'Adelândia', 9),
(887, 'Água Fria de Goiás', 9),
(888, 'Água Limpa', 9),
(889, 'Águas Lindas de Goiás', 9),
(890, 'Alexânia', 9),
(891, 'Aloândia', 9),
(892, 'Alto Horizonte', 9),
(893, 'Alto Paraíso de Goiás', 9),
(894, 'Alvorada do Norte', 9),
(895, 'Amaralina', 9),
(896, 'Americano do Brasil', 9),
(897, 'Amorinópolis', 9),
(898, 'Anápolis', 9),
(899, 'Anhanguera', 9),
(900, 'Anicuns', 9),
(901, 'Aparecida de Goiânia', 9),
(902, 'Aparecida do Rio Doce', 9),
(903, 'Aporé', 9),
(904, 'Araçu', 9),
(905, 'Aragarças', 9),
(906, 'Aragoiânia', 9),
(907, 'Araguapaz', 9),
(908, 'Arenópolis', 9),
(909, 'Aruanã', 9),
(910, 'Aurilândia', 9),
(911, 'Avelinópolis', 9),
(912, 'Baliza', 9),
(913, 'Barro Alto', 9),
(914, 'Bela Vista de Goiás', 9),
(915, 'Bom Jardim de Goiás', 9),
(916, 'Bom Jesus de Goiás', 9),
(917, 'Bonfinópolis', 9),
(918, 'Bonópolis', 9),
(919, 'Brazabrantes', 9),
(920, 'Britânia', 9),
(921, 'Buriti Alegre', 9),
(922, 'Buriti de Goiás', 9),
(923, 'Buritinópolis', 9),
(924, 'Cabeceiras', 9),
(925, 'Cachoeira Alta', 9),
(926, 'Cachoeira de Goiás', 9),
(927, 'Cachoeira Dourada', 9),
(928, 'Caçu', 9),
(929, 'Caiapônia', 9),
(930, 'Caldas Novas', 9),
(931, 'Caldazinha', 9),
(932, 'Campestre de Goiás', 9),
(933, 'Campinaçu', 9),
(934, 'Campinorte', 9),
(935, 'Campo Alegre de Goiás', 9),
(936, 'Campo Limpo de Goiás', 9),
(937, 'Campos Belos', 9),
(938, 'Campos Verdes', 9),
(939, 'Carmo do Rio Verde', 9),
(940, 'Castelândia', 9),
(941, 'Catalão', 9),
(942, 'Caturaí', 9),
(943, 'Cavalcante', 9),
(944, 'Ceres', 9),
(945, 'Cezarina', 9),
(946, 'Chapadão do Céu', 9),
(947, 'Cidade Ocidental', 9),
(948, 'Cocalzinho de Goiás', 9),
(949, 'Colinas do Sul', 9),
(950, 'Córrego do Ouro', 9),
(951, 'Corumbá de Goiás', 9),
(952, 'Corumbaíba', 9),
(953, 'Cristalina', 9),
(954, 'Cristianópolis', 9),
(955, 'Crixás', 9),
(956, 'Cromínia', 9),
(957, 'Cumari', 9),
(958, 'Damianópolis', 9),
(959, 'Damolândia', 9),
(960, 'Davinópolis', 9),
(961, 'Diorama', 9),
(962, 'Divinópolis de Goiás', 9),
(963, 'Doverlândia', 9),
(964, 'Edealina', 9),
(965, 'Edéia', 9),
(966, 'Estrela do Norte', 9),
(967, 'Faina', 9),
(968, 'Fazenda Nova', 9),
(969, 'Firminópolis', 9),
(970, 'Flores de Goiás', 9),
(971, 'Formosa', 9),
(972, 'Formoso', 9),
(973, 'Gameleira de Goiás', 9),
(974, 'Goianápolis', 9),
(975, 'Goiandira', 9),
(976, 'Goianésia', 9),
(977, 'Goiânia', 9),
(978, 'Goianira', 9),
(979, 'Goiás', 9),
(980, 'Goiatuba', 9),
(981, 'Gouvelândia', 9),
(982, 'Guapó', 9),
(983, 'Guaraíta', 9),
(984, 'Guarani de Goiás', 9),
(985, 'Guarinos', 9),
(986, 'Heitoraí', 9),
(987, 'Hidrolândia', 9),
(988, 'Hidrolina', 9),
(989, 'Iaciara', 9),
(990, 'Inaciolândia', 9),
(991, 'Indiara', 9),
(992, 'Inhumas', 9),
(993, 'Ipameri', 9),
(994, 'Ipiranga de Goiás', 9),
(995, 'Iporá', 9),
(996, 'Israelândia', 9),
(997, 'Itaberaí', 9),
(998, 'Itaguari', 9),
(999, 'Itaguaru', 9),
(1000, 'Itajá', 9),
(1001, 'Itapaci', 9),
(1002, 'Itapirapuã', 9),
(1003, 'Itapuranga', 9),
(1004, 'Itarumã', 9),
(1005, 'Itauçu', 9),
(1006, 'Itumbiara', 9),
(1007, 'Ivolândia', 9),
(1008, 'Jandaia', 9),
(1009, 'Jaraguá', 9),
(1010, 'Jataí', 9),
(1011, 'Jaupaci', 9),
(1012, 'Jesúpolis', 9),
(1013, 'Joviânia', 9),
(1014, 'Jussara', 9),
(1015, 'Lagoa Santa', 9),
(1016, 'Leopoldo de Bulhões', 9),
(1017, 'Luziânia', 9),
(1018, 'Mairipotaba', 9),
(1019, 'Mambaí', 9),
(1020, 'Mara Rosa', 9),
(1021, 'Marzagão', 9),
(1022, 'Matrinchã', 9),
(1023, 'Maurilândia', 9),
(1024, 'Mimoso de Goiás', 9),
(1025, 'Minaçu', 9),
(1026, 'Mineiros', 9),
(1027, 'Moiporá', 9),
(1028, 'Monte Alegre de Goiás', 9),
(1029, 'Montes Claros de Goiás', 9),
(1030, 'Montividiu', 9),
(1031, 'Montividiu do Norte', 9),
(1032, 'Morrinhos', 9),
(1033, 'Morro Agudo de Goiás', 9),
(1034, 'Mossâmedes', 9),
(1035, 'Mozarlândia', 9),
(1036, 'Mundo Novo', 9),
(1037, 'Mutunópolis', 9),
(1038, 'Nazário', 9),
(1039, 'Nerópolis', 9),
(1040, 'Niquelândia', 9),
(1041, 'Nova América', 9),
(1042, 'Nova Aurora', 9),
(1043, 'Nova Crixás', 9),
(1044, 'Nova Glória', 9),
(1045, 'Nova Iguaçu de Goiás', 9),
(1046, 'Nova Roma', 9),
(1047, 'Nova Veneza', 9),
(1048, 'Novo Brasil', 9),
(1049, 'Novo Gama', 9),
(1050, 'Novo Planalto', 9),
(1051, 'Orizona', 9),
(1052, 'Ouro Verde de Goiás', 9),
(1053, 'Ouvidor', 9),
(1054, 'Padre Bernardo', 9),
(1055, 'Palestina de Goiás', 9),
(1056, 'Palmeiras de Goiás', 9),
(1057, 'Palmelo', 9),
(1058, 'Palminópolis', 9),
(1059, 'Panamá', 9),
(1060, 'Paranaiguara', 9),
(1061, 'Paraúna', 9),
(1062, 'Perolândia', 9),
(1063, 'Petrolina de Goiás', 9),
(1064, 'Pilar de Goiás', 9),
(1065, 'Piracanjuba', 9),
(1066, 'Piranhas', 9),
(1067, 'Pirenópolis', 9),
(1068, 'Pires do Rio', 9),
(1069, 'Planaltina', 9),
(1070, 'Pontalina', 9),
(1071, 'Porangatu', 9),
(1072, 'Porteirão', 9),
(1073, 'Portelândia', 9),
(1074, 'Posse', 9),
(1075, 'Professor Jamil', 9),
(1076, 'Quirinópolis', 9),
(1077, 'Rialma', 9),
(1078, 'Rianápolis', 9),
(1079, 'Rio Quente', 9),
(1080, 'Rio Verde', 9),
(1081, 'Rubiataba', 9),
(1082, 'Sanclerlândia', 9),
(1083, 'Santa Bárbara de Goiás', 9),
(1084, 'Santa Cruz de Goiás', 9),
(1085, 'Santa Fé de Goiás', 9),
(1086, 'Santa Helena de Goiás', 9),
(1087, 'Santa Isabel', 9),
(1088, 'Santa Rita do Araguaia', 9),
(1089, 'Santa Rita do Novo Destino', 9),
(1090, 'Santa Rosa de Goiás', 9),
(1091, 'Santa Tereza de Goiás', 9),
(1092, 'Santa Terezinha de Goiás', 9),
(1093, 'Santo Antônio da Barra', 9),
(1094, 'Santo Antônio de Goiás', 9),
(1095, 'Santo Antônio do Descoberto', 9),
(1096, 'São Domingos', 9),
(1097, 'São Francisco de Goiás', 9),
(1098, 'São João d\'Aliança', 9),
(1099, 'São João da Paraúna', 9),
(1100, 'São Luís de Montes Belos', 9),
(1101, 'São Luíz do Norte', 9),
(1102, 'São Miguel do Araguaia', 9),
(1103, 'São Miguel do Passa Quatro', 9),
(1104, 'São Patrício', 9),
(1105, 'São Simão', 9),
(1106, 'Senador Canedo', 9),
(1107, 'Serranópolis', 9),
(1108, 'Silvânia', 9),
(1109, 'Simolândia', 9),
(1110, 'Sítio d\'Abadia', 9),
(1111, 'Taquaral de Goiás', 9),
(1112, 'Teresina de Goiás', 9),
(1113, 'Terezópolis de Goiás', 9),
(1114, 'Três Ranchos', 9),
(1115, 'Trindade', 9),
(1116, 'Trombas', 9),
(1117, 'Turvânia', 9),
(1118, 'Turvelândia', 9),
(1119, 'Uirapuru', 9),
(1120, 'Uruaçu', 9),
(1121, 'Uruana', 9),
(1122, 'Urutaí', 9),
(1123, 'Valparaíso de Goiás', 9),
(1124, 'Varjão', 9),
(1125, 'Vianópolis', 9),
(1126, 'Vicentinópolis', 9),
(1127, 'Vila Boa', 9),
(1128, 'Vila Propício', 9),
(1129, 'Açailândia', 10),
(1130, 'Afonso Cunha', 10),
(1131, 'Água Doce do Maranhão', 10),
(1132, 'Alcântara', 10),
(1133, 'Aldeias Altas', 10),
(1134, 'Altamira do Maranhão', 10),
(1135, 'Alto Alegre do Maranhão', 10),
(1136, 'Alto Alegre do Pindaré', 10),
(1137, 'Alto Parnaíba', 10),
(1138, 'Amapá do Maranhão', 10),
(1139, 'Amarante do Maranhão', 10),
(1140, 'Anajatuba', 10),
(1141, 'Anapurus', 10),
(1142, 'Apicum-Açu', 10),
(1143, 'Araguanã', 10),
(1144, 'Araioses', 10),
(1145, 'Arame', 10),
(1146, 'Arari', 10),
(1147, 'Axixá', 10),
(1148, 'Bacabal', 10),
(1149, 'Bacabeira', 10),
(1150, 'Bacuri', 10),
(1151, 'Bacurituba', 10),
(1152, 'Balsas', 10),
(1153, 'Barão de Grajaú', 10),
(1154, 'Barra do Corda', 10),
(1155, 'Barreirinhas', 10),
(1156, 'Belágua', 10),
(1157, 'Bela Vista do Maranhão', 10),
(1158, 'Benedito Leite', 10),
(1159, 'Bequimão', 10),
(1160, 'Bernardo do Mearim', 10),
(1161, 'Boa Vista do Gurupi', 10),
(1162, 'Bom Jardim', 10),
(1163, 'Bom Jesus das Selvas', 10),
(1164, 'Bom Lugar', 10),
(1165, 'Brejo', 10),
(1166, 'Brejo de Areia', 10),
(1167, 'Buriti', 10),
(1168, 'Buriti Bravo', 10),
(1169, 'Buriticupu', 10),
(1170, 'Buritirana', 10),
(1171, 'Cachoeira Grande', 10),
(1172, 'Cajapió', 10),
(1173, 'Cajari', 10),
(1174, 'Campestre do Maranhão', 10),
(1175, 'Cândido Mendes', 10),
(1176, 'Cantanhede', 10),
(1177, 'Capinzal do Norte', 10),
(1178, 'Carolina', 10),
(1179, 'Carutapera', 10),
(1180, 'Caxias', 10),
(1181, 'Cedral', 10),
(1182, 'Central do Maranhão', 10),
(1183, 'Centro do Guilherme', 10),
(1184, 'Centro Novo do Maranhão', 10),
(1185, 'Chapadinha', 10),
(1186, 'Cidelândia', 10),
(1187, 'Codó', 10),
(1188, 'Coelho Neto', 10),
(1189, 'Colinas', 10),
(1190, 'Conceição do Lago-Açu', 10),
(1191, 'Coroatá', 10),
(1192, 'Cururupu', 10),
(1193, 'Davinópolis', 10),
(1194, 'Dom Pedro', 10),
(1195, 'Duque Bacelar', 10),
(1196, 'Esperantinópolis', 10),
(1197, 'Estreito', 10),
(1198, 'Feira Nova do Maranhão', 10),
(1199, 'Fernando Falcão', 10),
(1200, 'Formosa da Serra Negra', 10),
(1201, 'Fortaleza dos Nogueiras', 10),
(1202, 'Fortuna', 10),
(1203, 'Godofredo Viana', 10),
(1204, 'Gonçalves Dias', 10),
(1205, 'Governador Archer', 10),
(1206, 'Governador Edison Lobão', 10),
(1207, 'Governador Eugênio Barros', 10),
(1208, 'Governador Luiz Rocha', 10),
(1209, 'Governador Newton Bello', 10),
(1210, 'Governador Nunes Freire', 10),
(1211, 'Graça Aranha', 10),
(1212, 'Grajaú', 10),
(1213, 'Guimarães', 10),
(1214, 'Humberto de Campos', 10),
(1215, 'Icatu', 10),
(1216, 'Igarapé do Meio', 10),
(1217, 'Igarapé Grande', 10),
(1218, 'Imperatriz', 10),
(1219, 'Itaipava do Grajaú', 10),
(1220, 'Itapecuru Mirim', 10),
(1221, 'Itinga do Maranhão', 10),
(1222, 'Jatobá', 10),
(1223, 'Jenipapo dos Vieiras', 10),
(1224, 'João Lisboa', 10),
(1225, 'Joselândia', 10),
(1226, 'Junco do Maranhão', 10),
(1227, 'Lago da Pedra', 10),
(1228, 'Lago do Junco', 10),
(1229, 'Lago dos Rodrigues', 10),
(1230, 'Lago Verde', 10),
(1231, 'Lagoa do Mato', 10),
(1232, 'Lagoa Grande do Maranhão', 10),
(1233, 'Lajeado Novo', 10),
(1234, 'Lima Campos', 10),
(1235, 'Loreto', 10),
(1236, 'Luís Domingues', 10),
(1237, 'Magalhães de Almeida', 10),
(1238, 'Maracaçumé', 10),
(1239, 'Marajá do Sena', 10),
(1240, 'Maranhãozinho', 10),
(1241, 'Mata Roma', 10),
(1242, 'Matinha', 10),
(1243, 'Matões', 10),
(1244, 'Matões do Norte', 10),
(1245, 'Milagres do Maranhão', 10),
(1246, 'Mirador', 10),
(1247, 'Miranda do Norte', 10),
(1248, 'Mirinzal', 10),
(1249, 'Monção', 10),
(1250, 'Montes Altos', 10),
(1251, 'Morros', 10),
(1252, 'Nina Rodrigues', 10),
(1253, 'Nova Colinas', 10),
(1254, 'Nova Iorque', 10),
(1255, 'Nova Olinda do Maranhão', 10),
(1256, 'Olho d\'Água das Cunhãs', 10),
(1257, 'Olinda Nova do Maranhão', 10),
(1258, 'Paço do Lumiar', 10),
(1259, 'Palmeirândia', 10),
(1260, 'Paraibano', 10),
(1261, 'Parnarama', 10),
(1262, 'Passagem Franca', 10),
(1263, 'Pastos Bons', 10),
(1264, 'Paulino Neves', 10),
(1265, 'Paulo Ramos', 10),
(1266, 'Pedreiras', 10),
(1267, 'Pedro do Rosário', 10),
(1268, 'Penalva', 10),
(1269, 'Peri Mirim', 10),
(1270, 'Peritoró', 10),
(1271, 'Pindaré-Mirim', 10),
(1272, 'Pinheiro', 10),
(1273, 'Pio XII', 10),
(1274, 'Pirapemas', 10),
(1275, 'Poção de Pedras', 10),
(1276, 'Porto Franco', 10),
(1277, 'Porto Rico do Maranhão', 10),
(1278, 'Presidente Dutra', 10),
(1279, 'Presidente Juscelino', 10),
(1280, 'Presidente Médici', 10),
(1281, 'Presidente Sarney', 10),
(1282, 'Presidente Vargas', 10),
(1283, 'Primeira Cruz', 10),
(1284, 'Raposa', 10),
(1285, 'Riachão', 10),
(1286, 'Ribamar Fiquene', 10),
(1287, 'Rosário', 10),
(1288, 'Sambaíba', 10),
(1289, 'Santa Filomena do Maranhão', 10),
(1290, 'Santa Helena', 10),
(1291, 'Santa Inês', 10),
(1292, 'Santa Luzia', 10),
(1293, 'Santa Luzia do Paruá', 10),
(1294, 'Santa Quitéria do Maranhão', 10),
(1295, 'Santa Rita', 10),
(1296, 'Santana do Maranhão', 10),
(1297, 'Santo Amaro do Maranhão', 10),
(1298, 'Santo Antônio dos Lopes', 10),
(1299, 'São Benedito do Rio Preto', 10),
(1300, 'São Bento', 10),
(1301, 'São Bernardo', 10),
(1302, 'São Domingos do Azeitão', 10),
(1303, 'São Domingos do Maranhão', 10),
(1304, 'São Félix de Balsas', 10),
(1305, 'São Francisco do Brejão', 10),
(1306, 'São Francisco do Maranhão', 10),
(1307, 'São João Batista', 10),
(1308, 'São João do Carú', 10),
(1309, 'São João do Paraíso', 10),
(1310, 'São João do Soter', 10),
(1311, 'São João dos Patos', 10),
(1312, 'São José de Ribamar', 10),
(1313, 'São José dos Basílios', 10),
(1314, 'São Luís', 10),
(1315, 'São Luís Gonzaga do Maranhão', 10),
(1316, 'São Mateus do Maranhão', 10),
(1317, 'São Pedro da Água Branca', 10),
(1318, 'São Pedro dos Crentes', 10),
(1319, 'São Raimundo das Mangabeiras', 10),
(1320, 'São Raimundo do Doca Bezerra', 10),
(1321, 'São Roberto', 10),
(1322, 'São Vicente Ferrer', 10),
(1323, 'Satubinha', 10),
(1324, 'Senador Alexandre Costa', 10),
(1325, 'Senador La Rocque', 10),
(1326, 'Serrano do Maranhão', 10),
(1327, 'Sítio Novo', 10),
(1328, 'Sucupira do Norte', 10),
(1329, 'Sucupira do Riachão', 10),
(1330, 'Tasso Fragoso', 10),
(1331, 'Timbiras', 10),
(1332, 'Timon', 10),
(1333, 'Trizidela do Vale', 10),
(1334, 'Tufilândia', 10),
(1335, 'Tuntum', 10),
(1336, 'Turiaçu', 10),
(1337, 'Turilândia', 10),
(1338, 'Tutóia', 10),
(1339, 'Urbano Santos', 10),
(1340, 'Vargem Grande', 10),
(1341, 'Viana', 10),
(1342, 'Vila Nova dos Martírios', 10),
(1343, 'Vitória do Mearim', 10),
(1344, 'Vitorino Freire', 10),
(1345, 'Zé Doca', 10),
(1346, 'Acorizal', 11),
(1347, 'Água Boa', 11),
(1348, 'Alta Floresta', 11),
(1349, 'Alto Araguaia', 11),
(1350, 'Alto Boa Vista', 11),
(1351, 'Alto Garças', 11),
(1352, 'Alto Paraguai', 11),
(1353, 'Alto Taquari', 11),
(1354, 'Apiacás', 11),
(1355, 'Araguaiana', 11),
(1356, 'Araguainha', 11),
(1357, 'Araputanga', 11),
(1358, 'Arenápolis', 11),
(1359, 'Aripuanã', 11),
(1360, 'Barão de Melgaço', 11),
(1361, 'Barra do Bugres', 11),
(1362, 'Barra do Garças', 11),
(1363, 'Bom Jesus do Araguaia', 11),
(1364, 'Brasnorte', 11),
(1365, 'Cáceres', 11),
(1366, 'Campinápolis', 11),
(1367, 'Campo Novo do Parecis', 11),
(1368, 'Campo Verde', 11),
(1369, 'Campos de Júlio', 11),
(1370, 'Canabrava do Norte', 11),
(1371, 'Canarana', 11),
(1372, 'Carlinda', 11),
(1373, 'Castanheira', 11),
(1374, 'Chapada dos Guimarães', 11),
(1375, 'Cláudia', 11),
(1376, 'Cocalinho', 11),
(1377, 'Colíder', 11),
(1378, 'Colniza', 11),
(1379, 'Comodoro', 11),
(1380, 'Confresa', 11),
(1381, 'Conquista d\'Oeste', 11),
(1382, 'Cotriguaçu', 11),
(1383, 'Cuiabá', 11),
(1384, 'Curvelândia', 11),
(1385, 'Denise', 11),
(1386, 'Diamantino', 11),
(1387, 'Dom Aquino', 11),
(1388, 'Feliz Natal', 11),
(1389, 'Figueirópolis d\'Oeste', 11),
(1390, 'Gaúcha do Norte', 11),
(1391, 'General Carneiro', 11),
(1392, 'Glória d\'Oeste', 11),
(1393, 'Guarantã do Norte', 11),
(1394, 'Guiratinga', 11),
(1395, 'Indiavaí', 11),
(1396, 'Ipiranga do Norte', 11),
(1397, 'Itanhangá', 11),
(1398, 'Itaúba', 11),
(1399, 'Itiquira', 11),
(1400, 'Jaciara', 11),
(1401, 'Jangada', 11),
(1402, 'Jauru', 11),
(1403, 'Juara', 11),
(1404, 'Juína', 11),
(1405, 'Juruena', 11),
(1406, 'Juscimeira', 11),
(1407, 'Lambari d\'Oeste', 11),
(1408, 'Lucas do Rio Verde', 11),
(1409, 'Luciara', 11),
(1410, 'Marcelândia', 11),
(1411, 'Matupá', 11),
(1412, 'Mirassol d\'Oeste', 11),
(1413, 'Nobres', 11),
(1414, 'Nortelândia', 11),
(1415, 'Nossa Senhora do Livramento', 11),
(1416, 'Nova Bandeirantes', 11),
(1417, 'Nova Brasilândia', 11),
(1418, 'Nova Canaã do Norte', 11),
(1419, 'Nova Guarita', 11),
(1420, 'Nova Lacerda', 11),
(1421, 'Nova Marilândia', 11),
(1422, 'Nova Maringá', 11),
(1423, 'Nova Monte Verde', 11),
(1424, 'Nova Mutum', 11),
(1425, 'Nova Nazaré', 11),
(1426, 'Nova Olímpia', 11),
(1427, 'Nova Santa Helena', 11),
(1428, 'Nova Ubiratã', 11),
(1429, 'Nova Xavantina', 11),
(1430, 'Novo Horizonte do Norte', 11),
(1431, 'Novo Mundo', 11),
(1432, 'Novo Santo Antônio', 11),
(1433, 'Novo São Joaquim', 11),
(1434, 'Paranaíta', 11),
(1435, 'Paranatinga', 11),
(1436, 'Pedra Preta', 11),
(1437, 'Peixoto de Azevedo', 11),
(1438, 'Planalto da Serra', 11),
(1439, 'Poconé', 11),
(1440, 'Pontal do Araguaia', 11),
(1441, 'Ponte Branca', 11),
(1442, 'Pontes e Lacerda', 11),
(1443, 'Porto Alegre do Norte', 11),
(1444, 'Porto dos Gaúchos', 11),
(1445, 'Porto Esperidião', 11),
(1446, 'Porto Estrela', 11),
(1447, 'Poxoréo', 11),
(1448, 'Primavera do Leste', 11),
(1449, 'Querência', 11),
(1450, 'Reserva do Cabaçal', 11),
(1451, 'Ribeirão Cascalheira', 11),
(1452, 'Ribeirãozinho', 11),
(1453, 'Rio Branco', 11),
(1454, 'Rondolândia', 11),
(1455, 'Rondonópolis', 11),
(1456, 'Rosário Oeste', 11),
(1457, 'Salto do Céu', 11),
(1458, 'Santa Carmem', 11),
(1459, 'Santa Cruz do Xingu', 11),
(1460, 'Santa Rita do Trivelato', 11),
(1461, 'Santa Terezinha', 11),
(1462, 'Santo Afonso', 11),
(1463, 'Santo Antônio do Leste', 11),
(1464, 'Santo Antônio do Leverger', 11),
(1465, 'São Félix do Araguaia', 11),
(1466, 'São José do Povo', 11),
(1467, 'São José do Rio Claro', 11),
(1468, 'São José do Xingu', 11),
(1469, 'São José dos Quatro Marcos', 11),
(1470, 'São Pedro da Cipa', 11),
(1471, 'Sapezal', 11),
(1472, 'Serra Nova Dourada', 11),
(1473, 'Sinop', 11),
(1474, 'Sorriso', 11),
(1475, 'Tabaporã', 11),
(1476, 'Tangará da Serra', 11),
(1477, 'Tapurah', 11),
(1478, 'Terra Nova do Norte', 11),
(1479, 'Tesouro', 11),
(1480, 'Torixoréu', 11),
(1481, 'União do Sul', 11),
(1482, 'Vale de São Domingos', 11),
(1483, 'Várzea Grande', 11),
(1484, 'Vera', 11),
(1485, 'Vila Bela da Santíssima Trindade', 11),
(1486, 'Vila Rica', 11),
(1487, 'Água Clara', 12),
(1488, 'Alcinópolis', 12),
(1489, 'Amambaí', 12),
(1490, 'Anastácio', 12),
(1491, 'Anaurilândia', 12),
(1492, 'Angélica', 12),
(1493, 'Antônio João', 12),
(1494, 'Aparecida do Taboado', 12),
(1495, 'Aquidauana', 12),
(1496, 'Aral Moreira', 12),
(1497, 'Bandeirantes', 12),
(1498, 'Bataguassu', 12),
(1499, 'Bataiporã', 12),
(1500, 'Bela Vista', 12),
(1501, 'Bodoquena', 12),
(1502, 'Bonito', 12),
(1503, 'Brasilândia', 12),
(1504, 'Caarapó', 12),
(1505, 'Camapuã', 12),
(1506, 'Campo Grande', 12),
(1507, 'Caracol', 12),
(1508, 'Cassilândia', 12),
(1509, 'Chapadão do Sul', 12),
(1510, 'Corguinho', 12),
(1511, 'Coronel Sapucaia', 12),
(1512, 'Corumbá', 12),
(1513, 'Costa Rica', 12),
(1514, 'Coxim', 12),
(1515, 'Deodápolis', 12),
(1516, 'Dois Irmãos do Buriti', 12),
(1517, 'Douradina', 12),
(1518, 'Dourados', 12),
(1519, 'Eldorado', 12),
(1520, 'Fátima do Sul', 12),
(1521, 'Figueirão', 12),
(1522, 'Glória de Dourados', 12),
(1523, 'Guia Lopes da Laguna', 12),
(1524, 'Iguatemi', 12),
(1525, 'Inocência', 12),
(1526, 'Itaporã', 12),
(1527, 'Itaquiraí', 12),
(1528, 'Ivinhema', 12),
(1529, 'Japorã', 12),
(1530, 'Jaraguari', 12),
(1531, 'Jardim', 12),
(1532, 'Jateí', 12),
(1533, 'Juti', 12),
(1534, 'Ladário', 12),
(1535, 'Laguna Carapã', 12),
(1536, 'Maracaju', 12),
(1537, 'Miranda', 12),
(1538, 'Mundo Novo', 12),
(1539, 'Naviraí', 12),
(1540, 'Nioaque', 12),
(1541, 'Nova Alvorada do Sul', 12),
(1542, 'Nova Andradina', 12),
(1543, 'Novo Horizonte do Sul', 12),
(1544, 'Paranaíba', 12),
(1545, 'Paranhos', 12),
(1546, 'Pedro Gomes', 12),
(1547, 'Ponta Porã', 12),
(1548, 'Porto Murtinho', 12),
(1549, 'Ribas do Rio Pardo', 12),
(1550, 'Rio Brilhante', 12),
(1551, 'Rio Negro', 12),
(1552, 'Rio Verde de Mato Grosso', 12),
(1553, 'Rochedo', 12),
(1554, 'Santa Rita do Pardo', 12),
(1555, 'São Gabriel do Oeste', 12),
(1556, 'Selvíria', 12),
(1557, 'Sete Quedas', 12),
(1558, 'Sidrolândia', 12),
(1559, 'Sonora', 12),
(1560, 'Tacuru', 12),
(1561, 'Taquarussu', 12),
(1562, 'Terenos', 12),
(1563, 'Três Lagoas', 12),
(1564, 'Vicentina', 12),
(1565, 'Abadia dos Dourados', 13),
(1566, 'Abaeté', 13),
(1567, 'Abre Campo', 13),
(1568, 'Acaiaca', 13),
(1569, 'Açucena', 13),
(1570, 'Água Boa', 13),
(1571, 'Águas Formosas', 13),
(1572, 'Águas Vermelhas', 13),
(1573, 'Aimorés', 13),
(1574, 'Alagoa', 13),
(1575, 'Albertina', 13),
(1576, 'Além Paraíba', 13),
(1577, 'Alfenas', 13),
(1578, 'Almenara', 13),
(1579, 'Alpercata', 13),
(1580, 'Alpinópolis', 13),
(1581, 'Alterosa', 13),
(1582, 'Alto Caparaó', 13),
(1583, 'Alto Jequitibá', 13),
(1584, 'Alvarenga', 13),
(1585, 'Amparo do Sul', 13),
(1586, 'Andradas', 13),
(1587, 'Andrelândia', 13),
(1588, 'Angelândia', 13),
(1589, 'Antônio Carlos', 13),
(1590, 'Antônio Dias', 13),
(1591, 'Araçaí', 13),
(1592, 'Aracitaba', 13),
(1593, 'Araguari', 13),
(1594, 'Arantina', 13),
(1595, 'Araponga', 13),
(1596, 'Araporã', 13),
(1597, 'Araxá', 13),
(1598, 'Arceburgo', 13),
(1599, 'Arcos', 13),
(1600, 'Areado', 13),
(1601, 'Argirita', 13),
(1602, 'Aricanduva', 13),
(1603, 'Arinos', 13),
(1604, 'Astolfo Dutra', 13),
(1605, 'Ataléia', 13),
(1606, 'Augusto de Lima', 13),
(1607, 'Baependi', 13),
(1608, 'Baldim', 13),
(1609, 'Bambuí', 13),
(1610, 'Bandeira', 13),
(1611, 'Bandeira do Sul', 13),
(1612, 'Barão de Cocais', 13),
(1613, 'Barbacena', 13),
(1614, 'Barra Longa', 13),
(1615, 'Barroso', 13),
(1616, 'Bela Vista de Minas', 13),
(1617, 'Belmiro Braga', 13),
(1618, 'Berilo', 13),
(1619, 'Bertópolis', 13),
(1620, 'Betim', 13),
(1621, 'Bias Fortes', 13),
(1622, 'Biquinhas', 13),
(1623, 'Boa Esperança', 13),
(1624, 'Bocaina de Minas', 13),
(1625, 'Bocaiúva', 13),
(1626, 'Bom Despacho', 13),
(1627, 'Bom Jardim de Minas', 13),
(1628, 'Bom Jesus da Penha', 13),
(1629, 'Bom Jesus do Amparo', 13),
(1630, 'Bom Jesus do Galho', 13),
(1631, 'Bom Repouso', 13),
(1632, 'Bonfim', 13),
(1633, 'Bonfinópolis de Minas', 13),
(1634, 'Borda da Mata', 13),
(1635, 'Botelhos', 13),
(1636, 'Botumirim', 13),
(1637, 'Brás Pires', 13),
(1638, 'Brasilândia de Minas', 13),
(1639, 'Brasópolis', 13),
(1640, 'Brumadinho', 13),
(1641, 'Bueno Brandão', 13),
(1642, 'Buenópolis', 13),
(1643, 'Buritis', 13),
(1644, 'Buritizeiro', 13),
(1645, 'Cabeceira Grande', 13),
(1646, 'Cabo Verde', 13),
(1647, 'Cachoeira da Prata', 13),
(1648, 'Cachoeira de Minas', 13),
(1649, 'Cachoeirinha', 13),
(1650, 'Caetanópolis', 13),
(1651, 'Caeté', 13),
(1652, 'Caiana', 13),
(1653, 'Cajuri', 13),
(1654, 'Caldas', 13),
(1655, 'Camacho', 13),
(1656, 'Camanducaia', 13),
(1657, 'Campestre', 13),
(1658, 'Campina Verde', 13),
(1659, 'Campo Azul', 13),
(1660, 'Campo Belo', 13),
(1661, 'Campo do Meio', 13),
(1662, 'Campo Florido', 13),
(1663, 'Canaã', 13),
(1664, 'Canápolis', 13),
(1665, 'Candeias', 13),
(1666, 'Cantagalo', 13),
(1667, 'Caparaó', 13),
(1668, 'Capela Nova', 13),
(1669, 'Capelinha', 13),
(1670, 'Capetinga', 13),
(1671, 'Caraí', 13),
(1672, 'Caratinga', 13),
(1673, 'Carbonita', 13),
(1674, 'Careaçu', 13),
(1675, 'Carlos Chagas', 13),
(1676, 'Carmésia', 13),
(1677, 'Carmo da Cachoeira', 13),
(1678, 'Carmo da Mata', 13),
(1679, 'Carmo do Cajuru', 13),
(1680, 'Carmo do Paranaíba', 13),
(1681, 'Carmo do Rio Claro', 13),
(1682, 'Carmópolis de Minas', 13),
(1683, 'Carneirinho', 13),
(1684, 'Carrancas', 13),
(1685, 'Cascalho Rico', 13),
(1686, 'Cataguases', 13),
(1687, 'Catas Altas', 13),
(1688, 'Catas Altas da Noruega', 13),
(1689, 'Catuji', 13),
(1690, 'Caxambu', 13),
(1691, 'Cedro do Abaeté', 13),
(1692, 'Central de Minas', 13),
(1693, 'Centralina', 13),
(1694, 'Chácara', 13),
(1695, 'Chorozinho', 13),
(1696, 'Cipotânea', 13),
(1697, 'Claraval', 13),
(1698, 'Cláudio', 13),
(1699, 'Coimbra', 13),
(1700, 'Coluna', 13),
(1701, 'Comendador Gomes', 13),
(1702, 'Comercinho', 13),
(1703, 'Conceição da Barra de Minas', 13),
(1704, 'Conceição das Alagoas', 13),
(1705, 'Conceição dos Ouros', 13),
(1706, 'Cônego Marinho', 13),
(1707, 'Confins', 13),
(1708, 'Congonhal', 13),
(1709, 'Congonhas', 13),
(1710, 'Conquista', 13),
(1711, 'Conselheiro Lafaiete', 13),
(1712, 'Conselheiro Pena', 13),
(1713, 'Contagem', 13),
(1714, 'Coqueiral', 13),
(1715, 'Coração de Jesus', 13),
(1716, 'Córrego Danta', 13),
(1717, 'Córrego do Bom Jesus', 13),
(1718, 'Córrego Fundo', 13),
(1719, 'Córrego Novo', 13),
(1720, 'Corinto', 13),
(1721, 'Crisólita', 13),
(1722, 'Cristais', 13),
(1723, 'Cristália', 13),
(1724, 'Cristiano Otoni', 13),
(1725, 'Cristina', 13),
(1726, 'Cruzília', 13),
(1727, 'Curvelo', 13),
(1728, 'Datas', 13),
(1729, 'Delfim Moreira', 13),
(1730, 'Delfinópolis', 13),
(1731, 'Delmiro Gouveia', 13),
(1732, 'Diamantina', 13),
(1733, 'Diogo de Vasconcelos', 13),
(1734, 'Dionísio', 13),
(1735, 'Divinésia', 13),
(1736, 'Divino', 13),
(1737, 'Divino das Laranjeiras', 13),
(1738, 'Divinópolis', 13),
(1739, 'Dores de Campos', 13),
(1740, 'Dores do Indaiá', 13),
(1741, 'Dores do Turvo', 13),
(1742, 'Douradoquara', 13),
(1743, 'Durandé', 13),
(1744, 'Elói Mendes', 13),
(1745, 'Engenheiro Caldas', 13),
(1746, 'Entre Folhas', 13),
(1747, 'Entre Rios de Minas', 13),
(1748, 'Ervália', 13),
(1749, 'Esmeraldas', 13),
(1750, 'Espera Feliz', 13),
(1751, 'Espinosa', 13),
(1752, 'Extrema', 13),
(1753, 'Fama', 13),
(1754, 'Fervedouro', 13),
(1755, 'Florestal', 13),
(1756, 'Formiga', 13),
(1757, 'Fortaleza de Minas', 13),
(1758, 'Fortuna de Minas', 13),
(1759, 'Francisco Sá', 13),
(1760, 'Franciscópolis', 13),
(1761, 'Frei Inocêncio', 13),
(1762, 'Frei Lagonegro', 13),
(1763, 'Fronteira', 13),
(1764, 'Fronteira dos Vales', 13),
(1765, 'Furnas', 13),
(1766, 'Galiléia', 13),
(1767, 'Gameleiras', 13),
(1768, 'Gandarela', 13),
(1769, 'Gonzaga', 13),
(1770, 'Gonçalves', 13),
(1771, 'Gouveia', 13),
(1772, 'Guanhães', 13),
(1773, 'Guapé', 13),
(1774, 'Guaraciaba', 13),
(1775, 'Guaraciama', 13),
(1776, 'Guaratinguetá', 13),
(1777, 'Guarda-Mor', 13),
(1778, 'Guaxupé', 13),
(1779, 'Guanhães', 13),
(1780, 'Guaranésia', 13),
(1781, 'Guardamaria', 13),
(1782, 'Guaranitu', 13),
(1783, 'Guarani', 13),
(1784, 'Guarujá', 13),
(1785, 'Guaxupé', 13),
(1786, 'Gurinhatá', 13),
(1787, 'Afonso Cláudio', 14),
(1788, 'Águia Branca', 14),
(1789, 'Água Doce do Norte', 14),
(1790, 'Alegre', 14),
(1791, 'Alfredo Chaves', 14),
(1792, 'Anchieta', 14),
(1793, 'Apiacá', 14),
(1794, 'Aracruz', 14),
(1795, 'Atilio Vivacqua', 14),
(1796, 'Baixo Guandu', 14),
(1797, 'Barra de São Francisco', 14),
(1798, 'Boa Esperança', 14),
(1799, 'Bom Jesus do Norte', 14),
(1800, 'Brejetuba', 14),
(1801, 'Cachoeiro de Itapemirim', 14),
(1802, 'Cariacica', 14),
(1803, 'Castelo', 14),
(1804, 'Colatina', 14),
(1805, 'Conceição da Barra', 14),
(1806, 'Conceição do Castelo', 14),
(1807, 'Divino de São Lourenço', 14),
(1808, 'Domingos Martins', 14),
(1809, 'Dores do Rio Preto', 14),
(1810, 'Ecoporanga', 14),
(1811, 'Fundão', 14),
(1812, 'Governador Lindenberg', 14),
(1813, 'Guaçuí', 14),
(1814, 'Guarapari', 14),
(1815, 'Ibatiba', 14),
(1816, 'Ibiporanga', 14),
(1817, 'Iconha', 14),
(1818, 'Irupi', 14),
(1819, 'Itaguaçu', 14),
(1820, 'Itapemirim', 14),
(1821, 'Itarana', 14),
(1822, 'Iúna', 14),
(1823, 'Jaguaré', 14),
(1824, 'Jerônimo Monteiro', 14),
(1825, 'João Neiva', 14),
(1826, 'Laranja da Terra', 14),
(1827, 'Linhares', 14),
(1828, 'Mantenópolis', 14),
(1829, 'Marataízes', 14),
(1830, 'Marechal Floriano', 14),
(1831, 'Montanha', 14),
(1832, 'Mucurici', 14),
(1833, 'Muniz Freire', 14),
(1834, 'Muqui', 14),
(1835, 'Nova Venécia', 14),
(1836, 'Pancas', 14),
(1837, 'Pedro Canário', 14),
(1838, 'Pinheiros', 14),
(1839, 'Piúma', 14),
(1840, 'Presidente Kennedy', 14),
(1841, 'Rio Bananal', 14),
(1842, 'Rio Novo do Sul', 14),
(1843, 'Santa Leopoldina', 14),
(1844, 'Santa Maria de Jetibá', 14),
(1845, 'Santa Teresa', 14),
(1846, 'São Domingos do Norte', 14),
(1847, 'São Gabriel da Palha', 14),
(1848, 'São José do Calçado', 14),
(1849, 'São Mateus', 14),
(1850, 'São Roque do Canaã', 14),
(1851, 'Serra', 14),
(1852, 'Sooretama', 14),
(1853, 'Vargem Alta', 14),
(1854, 'Venda Nova do Imigrante', 14),
(1855, 'Vila Pavão', 14),
(1856, 'Vila Velha', 14),
(1857, 'Vitória', 14),
(1858, 'Abadia dos Dourados', 15),
(1859, 'Abaeté', 15),
(1860, 'Abre Campo', 15),
(1861, 'Acaiaca', 15),
(1862, 'Açucena', 15),
(1863, 'Água Boa', 15),
(1864, 'Água Comprida', 15),
(1865, 'Aguanil', 15),
(1866, 'Águas Formosas', 15),
(1867, 'Águas Vermelhas', 15),
(1868, 'Aimorés', 15),
(1869, 'Alagoa', 15),
(1870, 'Albertina', 15),
(1871, 'Além Paraíba', 15),
(1872, 'Alfenas', 15),
(1873, 'Alfredo Vasconcelos', 15),
(1874, 'Almenara', 15),
(1875, 'Alpercata', 15),
(1876, 'Alpinópolis', 15),
(1877, 'Alterosa', 15),
(1878, 'Alto Caparaó', 15),
(1879, 'Alto Jequitibá', 15),
(1880, 'Alto Rio Doce', 15),
(1881, 'Andradas', 15),
(1882, 'Andrelândia', 15),
(1883, 'Angelândia', 15),
(1884, 'Antônio Carlos', 15),
(1885, 'Antônio Dias', 15),
(1886, 'Aracitaba', 15),
(1887, 'Araguari', 15),
(1888, 'Arantina', 15),
(1889, 'Araponga', 15),
(1890, 'Araporã', 15),
(1891, 'Araxá', 15),
(1892, 'Arceburgo', 15),
(1893, 'Arcos', 15),
(1894, 'Areado', 15),
(1895, 'Argirita', 15),
(1896, 'Aricanduva', 15),
(1897, 'Arinos', 15),
(1898, 'Astolfo Dutra', 15),
(1899, 'Ataléia', 15),
(1900, 'Augusto de Lima', 15),
(1901, 'Baependi', 15),
(1902, 'Baldim', 15),
(1903, 'Bambuí', 15),
(1904, 'Bandeira', 15),
(1905, 'Bandeira do Sul', 15),
(1906, 'Barão de Cocais', 15),
(1907, 'Barão de Monte Alto', 15),
(1908, 'Barbacena', 15),
(1909, 'Bela Vista de Minas', 15),
(1910, 'Belmiro Braga', 15),
(1911, 'Berilo', 15),
(1912, 'Bertópolis', 15),
(1913, 'Betim', 15),
(1914, 'Biuaçu', 15),
(1915, 'Bom Jesus do Amparo', 15),
(1916, 'Bom Jesus do Galho', 15),
(1917, 'Bom Repouso', 15),
(1918, 'Bonfim', 15),
(1919, 'Bonito de Minas', 15),
(1920, 'Borda da Mata', 15),
(1921, 'Botelhos', 15),
(1922, 'Botumirim', 15),
(1923, 'Brasília de Minas', 15),
(1924, 'Brasópolis', 15),
(1925, 'Brás Pires', 15),
(1926, 'Brumadinho', 15),
(1927, 'Bueno Brandão', 15),
(1928, 'Buenópolis', 15),
(1929, 'Buritis', 15),
(1930, 'Buritizeiro', 15),
(1931, 'Cabo Verde', 15),
(1932, 'Cachoeira de Minas', 15),
(1933, 'Cachoeira do Campo', 15),
(1934, 'Caconde', 15),
(1935, 'Caetanópolis', 15),
(1936, 'Caeté', 15),
(1937, 'Caiana', 15),
(1938, 'Cajuru', 15),
(1939, 'Campanário', 15),
(1940, 'Campanha', 15),
(1941, 'Campestre', 15),
(1942, 'Campina Verde', 15),
(1943, 'Campo Belo', 15),
(1944, 'Campo do Meio', 15),
(1945, 'Campo Florido', 15),
(1946, 'Canaã', 15),
(1947, 'Canápolis', 15),
(1948, 'Candeias', 15),
(1949, 'Cantagalo', 15),
(1950, 'Caparaó', 15),
(1951, 'Capela Nova', 15),
(1952, 'Capelinha', 15),
(1953, 'Carandaí', 15),
(1954, 'Caratinga', 15),
(1955, 'Carbonita', 15),
(1956, 'Careaçu', 15),
(1957, 'Carlos Chagas', 15),
(1958, 'Carmo da Cachoeira', 15),
(1959, 'Carmo da Mata', 15),
(1960, 'Carmo de Minas', 15),
(1961, 'Carmo do Cajuru', 15),
(1962, 'Carmo do Paranaíba', 15),
(1963, 'Carmo do Rio Claro', 15),
(1964, 'Carmópolis de Minas', 15),
(1965, 'Carneirinho', 15),
(1966, 'Cássia', 15),
(1967, 'Cataguases', 15),
(1968, 'Catas Altas', 15),
(1969, 'Catas Altas da Noruega', 15),
(1970, 'Catuji', 15),
(1971, 'Catumbi', 15),
(1972, 'Cipoal', 15),
(1973, 'Cláudio', 15),
(1974, 'Cláudio Moisés de Souza', 15),
(1975, 'Coimbra', 15),
(1976, 'Coluna', 15),
(1977, 'Comercinho', 15),
(1978, 'Conceição da Barra de Minas', 15),
(1979, 'Conceição das Alagoas', 15),
(1980, 'Conceição do Mato Dentro', 15),
(1981, 'Condeúba', 15),
(1982, 'Confins', 15),
(1983, 'Congonhal', 15),
(1984, 'Congonhas', 15),
(1985, 'Conselheiro Lafaiete', 15),
(1986, 'Conselheiro Pena', 15),
(1987, 'Contagem', 15),
(1988, 'Coqueiral', 15),
(1989, 'Corinto', 15),
(1990, 'Córrego do Bom Jesus', 15),
(1991, 'Coronel Fabriciano', 15),
(1992, 'Coronel Murta', 15),
(1993, 'Coronel Pacheco', 15),
(1994, 'Corinto', 15),
(1995, 'Coronel Fabriciano', 15),
(1996, 'Acorizal', 16),
(1997, 'Água Boa', 16),
(1998, 'Alta Floresta', 16),
(1999, 'Alto Araguaia', 16),
(2000, 'Alto Garças', 16),
(2001, 'Alto Paraguai', 16),
(2002, 'Alvorada do Norte', 16),
(2003, 'Arenápolis', 16),
(2004, 'Aripuanã', 16),
(2005, 'Barão de Melgaço', 16),
(2006, 'Barra do Bugres', 16),
(2007, 'Barra do Garças', 16),
(2008, 'Bom Jesus do Araguaia', 16),
(2009, 'Brasnorte', 16),
(2010, 'Cáceres', 16),
(2011, 'Campinápolis', 16),
(2012, 'Campo Novo do Parecis', 16),
(2013, 'Campo Verde', 16),
(2014, 'Canabrava do Norte', 16),
(2015, 'Canarana', 16),
(2016, 'Carlinda', 16),
(2017, 'Castanheira', 16),
(2018, 'Chapada dos Guimarães', 16),
(2019, 'Cláudia', 16),
(2020, 'Cuiabá', 16),
(2021, 'Curvelândia', 16),
(2022, 'Denise', 16),
(2023, 'Diamantino', 16),
(2024, 'Dom Aquino', 16),
(2025, 'Figueirópolis d’Oeste', 16),
(2026, 'Gaúcha do Norte', 16),
(2027, 'General Carneiro', 16),
(2028, 'Glória d’Oeste', 16),
(2029, 'Guarantã do Norte', 16),
(2030, 'Guiratinga', 16),
(2031, 'Indiavaí', 16),
(2032, 'Itaúba', 16),
(2033, 'Itiquira', 16),
(2034, 'Jaciara', 16),
(2035, 'Jangada', 16),
(2036, 'Jauru', 16),
(2037, 'Juara', 16),
(2038, 'Juína', 16),
(2039, 'Juruena', 16),
(2040, 'Lambari d’Oeste', 16),
(2041, 'Lucas do Rio Verde', 16),
(2042, 'Luciara', 16),
(2043, 'Marcelândia', 16),
(2044, 'Matupá', 16),
(2045, 'Mirassol d’Oeste', 16),
(2046, 'Nobres', 16),
(2047, 'Nortelândia', 16),
(2048, 'Nossa Senhora do Livramento', 16),
(2049, 'Nova Bandeirantes', 16),
(2050, 'Nova Brasilândia', 16),
(2051, 'Nova Canaã do Norte', 16),
(2052, 'Nova Guarita', 16),
(2053, 'Nova Lacerda', 16),
(2054, 'Nova Marilândia', 16),
(2055, 'Nova Monte Verde', 16),
(2056, 'Nova Mutum', 16),
(2057, 'Nova Olímpia', 16),
(2058, 'Nova Xavantina', 16),
(2059, 'Novo Horizonte do Norte', 16),
(2060, 'Novo Mundo', 16),
(2061, 'Novo Santo Antônio', 16);
INSERT INTO `cidades` (`id`, `nome`, `id_estado`) VALUES
(2062, 'Poconé', 16),
(2063, 'Pontal do Araguaia', 16),
(2064, 'Porto Alegre do Norte', 16),
(2065, 'Porto dos Gaúchos', 16),
(2066, 'Poxoréo', 16),
(2067, 'Primavera do Leste', 16),
(2068, 'Querência', 16),
(2069, 'Reserva do Cabaçal', 16),
(2070, 'Ribeirão Cascalheira', 16),
(2071, 'Rondonópolis', 16),
(2072, 'Rosário Oeste', 16),
(2073, 'Salto do Céu', 16),
(2074, 'Santa Carmem', 16),
(2075, 'Santa Terezinha', 16),
(2076, 'Santo Afonso', 16),
(2077, 'Santo Antônio de Leverger', 16),
(2078, 'São Félix do Araguaia', 16),
(2079, 'São José do Povo', 16),
(2080, 'São José do Rio Claro', 16),
(2081, 'São Pedro da Cipa', 16),
(2082, 'Sapezal', 16),
(2083, 'Serra Nova Dourada', 16),
(2084, 'Sinop', 16),
(2085, 'Sorriso', 16),
(2086, 'Tabaporã', 16),
(2087, 'Tangará da Serra', 16),
(2088, 'Tapurah', 16),
(2089, 'Terra Nova do Norte', 16),
(2090, 'Tesouro', 16),
(2091, 'Torixoréu', 16),
(2092, 'União do Sul', 16),
(2093, 'Várzea Grande', 16),
(2094, 'Vera', 16),
(2095, 'Vila Rica', 16),
(2096, 'Água Clara', 17),
(2097, 'Alcinópolis', 17),
(2098, 'Amambaí', 17),
(2099, 'Anaurilândia', 17),
(2100, 'Angélica', 17),
(2101, 'Antônio João', 17),
(2102, 'Aparecida do Taboado', 17),
(2103, 'Aquidauana', 17),
(2104, 'Aral Moreira', 17),
(2105, 'Bandeirantes', 17),
(2106, 'Bataguassu', 17),
(2107, 'Bataiporã', 17),
(2108, 'Bela Vista', 17),
(2109, 'Bodoquena', 17),
(2110, 'Bonito', 17),
(2111, 'Brasilândia', 17),
(2112, 'Caarapó', 17),
(2113, 'Camapuã', 17),
(2114, 'Campo Grande', 17),
(2115, 'Caracol', 17),
(2116, 'Cassilândia', 17),
(2117, 'Chapadão do Sul', 17),
(2118, 'Corguinho', 17),
(2119, 'Coronel Sapucaia', 17),
(2120, 'Fátima do Sul', 17),
(2121, 'Glória de Dourados', 17),
(2122, 'Guia Lopes da Laguna', 17),
(2123, 'Iguatemi', 17),
(2124, 'Inocência', 17),
(2125, 'Itaporã', 17),
(2126, 'Itaquiraí', 17),
(2127, 'Jaraguari', 17),
(2128, 'Jardim', 17),
(2129, 'Jateí', 17),
(2130, 'Juti', 17),
(2131, 'Ladário', 17),
(2132, 'Laguna Carapã', 17),
(2133, 'Maracaju', 17),
(2134, 'Miranda', 17),
(2135, 'Mundo Novo', 17),
(2136, 'Naviraí', 17),
(2137, 'Nioaque', 17),
(2138, 'Nova Andradina', 17),
(2139, 'Nova Alvorada do Sul', 17),
(2140, 'Paranaíba', 17),
(2141, 'Paranhos', 17),
(2142, 'Pedro Gomes', 17),
(2143, 'Ponta Porã', 17),
(2144, 'Porto Murtinho', 17),
(2145, 'Ribas do Rio Pardo', 17),
(2146, 'Rio Brilhante', 17),
(2147, 'Rio Negro', 17),
(2148, 'São Gabriel do Oeste', 17),
(2149, 'Selvíria', 17),
(2150, 'Sete Quedas', 17),
(2151, 'Sidrolândia', 17),
(2152, 'Sonora', 17),
(2153, 'Tacuru', 17),
(2154, 'Tamandaré', 17),
(2155, 'Terenos', 17),
(2156, 'Três Lagoas', 17),
(2157, 'Vicentina', 17),
(2158, 'Abadia dos Dourados', 18),
(2159, 'Abaeté', 18),
(2160, 'Abre Campo', 18),
(2161, 'Acaiaca', 18),
(2162, 'Açucena', 18),
(2163, 'Água Boa', 18),
(2164, 'Água Comprida', 18),
(2165, 'Aguanil', 18),
(2166, 'Águas Formosas', 18),
(2167, 'Águas Vermelhas', 18),
(2168, 'Aimorés', 18),
(2169, 'Alagoa', 18),
(2170, 'Albanópolis', 18),
(2171, 'Alfenas', 18),
(2172, 'Alfredo Vasconcelos', 18),
(2173, 'Almenara', 18),
(2174, 'Alpercata', 18),
(2175, 'Alvorada de Minas', 18),
(2176, 'Amparo do Serra', 18),
(2177, 'Andradas', 18),
(2178, 'Andrelândia', 18),
(2179, 'Angelândia', 18),
(2180, 'Antônio Carlos', 18),
(2181, 'Antônio Dias', 18),
(2182, 'Aracitaba', 18),
(2183, 'Araguari', 18),
(2184, 'Arantina', 18),
(2185, 'Araponga', 18),
(2186, 'Araporã', 18),
(2187, 'Araxá', 18),
(2188, 'Arceburgo', 18),
(2189, 'Areado', 18),
(2190, 'Argirita', 18),
(2191, 'Aricanduva', 18),
(2192, 'Arinos', 18),
(2193, 'Astolfo Dutra', 18),
(2194, 'Ataléia', 18),
(2195, 'Augusto de Lima', 18),
(2196, 'Baependi', 18),
(2197, 'Baldim', 18),
(2198, 'Bambuí', 18),
(2199, 'Bandeira', 18),
(2200, 'Bandeira do Sul', 18),
(2201, 'Barão de Cocais', 18),
(2202, 'Barbacena', 18),
(2203, 'Barra Longa', 18),
(2204, 'Barroso', 18),
(2205, 'Bela Vista de Minas', 18),
(2206, 'Belô', 18),
(2207, 'Belo Horizonte', 18),
(2208, 'Bicas', 18),
(2209, 'Boa Esperança', 18),
(2210, 'Boa Vista de Minas', 18),
(2211, 'Bocaina de Minas', 18),
(2212, 'Bodoquena', 18),
(2213, 'Bom Despacho', 18),
(2214, 'Bom Jardim de Minas', 18),
(2215, 'Bom Jesus da Penha', 18),
(2216, 'Bom Jesus do Amparo', 18),
(2217, 'Bom Jesus do Galho', 18),
(2218, 'Bonfim', 18),
(2219, 'Bonito de Minas', 18),
(2220, 'Borda da Mata', 18),
(2221, 'Botelhos', 18),
(2222, 'Botumirim', 18),
(2223, 'Brás Pires', 18),
(2224, 'Brumadinho', 18),
(2225, 'Bueno Brandão', 18),
(2226, 'Buritis', 18),
(2227, 'Buritizeiro', 18),
(2228, 'Caeté', 18),
(2229, 'Caiana', 18),
(2230, 'Cajuri', 18),
(2231, 'Campanha', 18),
(2232, 'Campestre', 18),
(2233, 'Campina Verde', 18),
(2234, 'Campo Azul', 18),
(2235, 'Campo Belo', 18),
(2236, 'Campo do Meio', 18),
(2237, 'Campo Florido', 18),
(2238, 'Campos Altos', 18),
(2239, 'Canaã', 18),
(2240, 'Candeias', 18),
(2241, 'Cantagalo', 18),
(2242, 'Caparaó', 18),
(2243, 'Capelinha', 18),
(2244, 'Capim Branco', 18),
(2245, 'Capinópolis', 18),
(2246, 'Caratinga', 18),
(2247, 'Carbonita', 18),
(2248, 'Careaçu', 18),
(2249, 'Carlos Chagas', 18),
(2250, 'Carmo da Cachoeira', 18),
(2251, 'Carmo da Mata', 18),
(2252, 'Carmo de Minas', 18),
(2253, 'Carmo do Cajuru', 18),
(2254, 'Carmo do Paranaíba', 18),
(2255, 'Carmo do Rio Claro', 18),
(2256, 'Cerrito', 18),
(2257, 'Chácara', 18),
(2258, 'Chavantes', 18),
(2259, 'Cipriano', 18),
(2260, 'Claraval', 18),
(2261, 'Cláudio', 18),
(2262, 'Coimbra', 18),
(2263, 'Coluna', 18),
(2264, 'Comercinho', 18),
(2265, 'Coração de Jesus', 18),
(2266, 'Corinto', 18),
(2267, 'Coroa Grande', 18),
(2268, 'Coromandel', 18),
(2269, 'Couto de Magalhães', 18),
(2270, 'Crissiumal', 18),
(2271, 'Cristiano Otoni', 18),
(2272, 'Crisópolis', 18),
(2273, 'Dom Bosco', 18),
(2274, 'Dom Cavati', 18),
(2275, 'Domingos Martins', 18),
(2276, 'Dores de Campos', 18),
(2277, 'Dores do Indaiá', 18),
(2278, 'Dores do Rio Preto', 18),
(2279, 'Durandé', 18),
(2280, 'Elói Mendes', 18),
(2281, 'Engenheiro Caldas', 18),
(2282, 'Engenheiro Navarro', 18),
(2283, 'Esmeraldas', 18),
(2284, 'Espera Feliz', 18),
(2285, 'Esperança', 18),
(2286, 'Eugênio', 18),
(2287, 'Faria Lemos', 18),
(2288, 'Fervedouro', 18),
(2289, 'Florestal', 18),
(2290, 'Formiga', 18),
(2291, 'Fortaleza de Minas', 18),
(2292, 'Francisco Sá', 18),
(2293, 'Francisco Xavier', 18),
(2294, 'Governador Valadares', 18),
(2295, 'Guapé', 18),
(2296, 'Guaranésia', 18),
(2297, 'Guarará', 18),
(2298, 'Guarujá do Sul', 18),
(2299, 'Guaxupé', 18),
(2300, 'Afonso Cláudio', 19),
(2301, 'Águia Branca', 19),
(2302, 'Alegre', 19),
(2303, 'Alfredo Chaves', 19),
(2304, 'Anchieta', 19),
(2305, 'Apiacá', 19),
(2306, 'Aracruz', 19),
(2307, 'Atilio Vivacqua', 19),
(2308, 'Baixo Guandu', 19),
(2309, 'Barra de São Francisco', 19),
(2310, 'Boa Esperança', 19),
(2311, 'Bom Jesus do Norte', 19),
(2312, 'Brejetuba', 19),
(2313, 'Cachoeiro de Itapemirim', 19),
(2314, 'Cariacica', 19),
(2315, 'Castelo', 19),
(2316, 'Colatina', 19),
(2317, 'Conceição da Barra', 19),
(2318, 'Conceição do Castelo', 19),
(2319, 'Divino de São Lourenço', 19),
(2320, 'Domingos Martins', 19),
(2321, 'Dores do Rio Preto', 19),
(2322, 'Ecoporanga', 19),
(2323, 'Fundão', 19),
(2324, 'Governador Lindenberg', 19),
(2325, 'Guarapari', 19),
(2326, 'Ibatiba', 19),
(2327, 'Ibiporã', 19),
(2328, 'Iconha', 19),
(2329, 'Irupi', 19),
(2330, 'Itaguaçu', 19),
(2331, 'Itapemirim', 19),
(2332, 'Itarana', 19),
(2333, 'Iúna', 19),
(2334, 'Jaguaré', 19),
(2335, 'Jerônimo Monteiro', 19),
(2336, 'João Neiva', 19),
(2337, 'Laranja da Terra', 19),
(2338, 'Linhares', 19),
(2339, 'Mantenópolis', 19),
(2340, 'Marataízes', 19),
(2341, 'Marechal Floriano', 19),
(2342, 'Mimoso do Sul', 19),
(2343, 'Montanha', 19),
(2344, 'Muqui', 19),
(2345, 'Nova Venécia', 19),
(2346, 'Pancas', 19),
(2347, 'Pedro Canário', 19),
(2348, 'Pinheiros', 19),
(2349, 'Piúma', 19),
(2350, 'Porto Seguro', 19),
(2351, 'Presidente Kennedy', 19),
(2352, 'Rio Bananal', 19),
(2353, 'Rio Novo do Sul', 19),
(2354, 'Santa Teresa', 19),
(2355, 'São Domingos do Norte', 19),
(2356, 'São Gabriel da Palha', 19),
(2357, 'São José do Calçado', 19),
(2358, 'São Mateus', 19),
(2359, 'São Roque do Canaã', 19),
(2360, 'Serra', 19),
(2361, 'Vargem Alta', 19),
(2362, 'Vila Velha', 19),
(2363, 'Vitória', 19),
(2364, 'Água Fria de Goiás', 20),
(2365, 'Águas Lindas de Goiás', 20),
(2366, 'Alexânia', 20),
(2367, 'Alto Horizonte', 20),
(2368, 'Alto Paraíso de Goiás', 20),
(2369, 'Alvorada do Norte', 20),
(2370, 'Amaralina', 20),
(2371, 'Americano do Brasil', 20),
(2372, 'Anápolis', 20),
(2373, 'Anhanguera', 20),
(2374, 'Aparecida de Goiânia', 20),
(2375, 'Aragarças', 20),
(2376, 'Araguapaz', 20),
(2377, 'Arenópolis', 20),
(2378, 'Aruanã', 20),
(2379, 'Aurilândia', 20),
(2380, 'Avelinópolis', 20),
(2381, 'Baliza', 20),
(2382, 'Barro Alto', 20),
(2383, 'Bela Vista de Goiás', 20),
(2384, 'Bom Jardim de Goiás', 20),
(2385, 'Bonópolis', 20),
(2386, 'Brazabrantes', 20),
(2387, 'Britânia', 20),
(2388, 'Buriti Alegre', 20),
(2389, 'Buriti de Goiás', 20),
(2390, 'Cabeceiras', 20),
(2391, 'Cachoeira de Goiás', 20),
(2392, 'Caldas Novas', 20),
(2393, 'Caldazinha', 20),
(2394, 'Campestre de Goiás', 20),
(2395, 'Campinaçu', 20),
(2396, 'Campinorte', 20),
(2397, 'Campo Limpo de Goiás', 20),
(2398, 'Campos Belos', 20),
(2399, 'Carmo do Rio Verde', 20),
(2400, 'Castelândia', 20),
(2401, 'Catalão', 20),
(2402, 'Cavalcante', 20),
(2403, 'Cezarina', 20),
(2404, 'Chapada de Areia', 20),
(2405, 'Chapada dos Veadeiros', 20),
(2406, 'Cidade Ocidental', 20),
(2407, 'Cocalzinho de Goiás', 20),
(2408, 'Colinas do Sul', 20),
(2409, 'Córrego do Ouro', 20),
(2410, 'Corumbá de Goiás', 20),
(2411, 'Cristalina', 20),
(2412, 'Crixás', 20),
(2413, 'Cumari', 20),
(2414, 'Damianópolis', 20),
(2415, 'Damolândia', 20),
(2416, 'Davinópolis', 20),
(2417, 'Divinópolis de Goiás', 20),
(2418, 'Dois Irmãos do Buriti', 20),
(2419, 'Edealina', 20),
(2420, 'Edéia', 20),
(2421, 'Estrela do Norte', 20),
(2422, 'Fazenda Nova', 20),
(2423, 'Firminópolis', 20),
(2424, 'Flores de Goiás', 20),
(2425, 'Formosa', 20),
(2426, 'Gameleira de Goiás', 20),
(2427, 'Goianápolis', 20),
(2428, 'Goiânia', 20),
(2429, 'Goianira', 20),
(2430, 'Goiás', 20),
(2431, 'Guapó', 20),
(2432, 'Guaraíta', 20),
(2433, 'Guarani de Goiás', 20),
(2434, 'Heitoraí', 20),
(2435, 'Hidrolândia', 20),
(2436, 'Hidrolina', 20),
(2437, 'Iaciara', 20),
(2438, 'Inhumas', 20),
(2439, 'Ipameri', 20),
(2440, 'Ipiranga de Goiás', 20),
(2441, 'Iporá', 20),
(2442, 'Israelândia', 20),
(2443, 'Itaberaí', 20),
(2444, 'Itaguari', 20),
(2445, 'Itajá', 20),
(2446, 'Itapaci', 20),
(2447, 'Itapuranga', 20),
(2448, 'Itarumã', 20),
(2449, 'Itauçu', 20),
(2450, 'Itumbiara', 20),
(2451, 'Ivolândia', 20),
(2452, 'Jandaia', 20),
(2453, 'Jaraguá', 20),
(2454, 'Jataí', 20),
(2455, 'Jaupaci', 20),
(2456, 'Jesúpolis', 20),
(2457, 'Joviânia', 20),
(2458, 'Luziânia', 20),
(2459, 'Mairipotaba', 20),
(2460, 'Mambaí', 20),
(2461, 'Mara Rosa', 20),
(2462, 'Marzagão', 20),
(2463, 'Mimoso de Goiás', 20),
(2464, 'Monte Alegre de Goiás', 20),
(2465, 'Montes Claros de Goiás', 20),
(2466, 'Montividiu', 20),
(2467, 'Morrinhos', 20),
(2468, 'Mundo Novo', 20),
(2469, 'Mutunópolis', 20),
(2470, 'Naviraí', 20),
(2471, 'Nerópolis', 20),
(2472, 'Nova Crixás', 20),
(2473, 'Nova Glória', 20),
(2474, 'Nova Roma', 20),
(2475, 'Novo Brasil', 20),
(2476, 'Novo Gama', 20),
(2477, 'Novo Planalto', 20),
(2478, 'Orizona', 20),
(2479, 'Ouro Verde de Goiás', 20),
(2480, 'Ouvidor', 20),
(2481, 'Papel de Goiás', 20),
(2482, 'Palmeiras de Goiás', 20),
(2483, 'Palmelo', 20),
(2484, 'Palmeirópolis', 20),
(2485, 'Panamá', 20),
(2486, 'Paranaiguara', 20),
(2487, 'Paraúna', 20),
(2488, 'Perolândia', 20),
(2489, 'Petrolina de Goiás', 20),
(2490, 'Pilar de Goiás', 20),
(2491, 'Planaltina', 20),
(2492, 'Pontalina', 20),
(2493, 'Porangatu', 20),
(2494, 'Posse', 20),
(2495, 'Professor Jamil', 20),
(2496, 'Quirinópolis', 20),
(2497, 'Rialma', 20),
(2498, 'Rianápolis', 20),
(2499, 'Rio Quente', 20),
(2500, 'Rio Verde', 20),
(2501, 'Rubiataba', 20),
(2502, 'Sanclerlândia', 20),
(2503, 'Santa Bárbara de Goiás', 20),
(2504, 'Santa Fé de Goiás', 20),
(2505, 'Santa Helena de Goiás', 20),
(2506, 'Santa Isabel', 20),
(2507, 'Santa Rita do Novo Destino', 20),
(2508, 'Santa Tereza de Goiás', 20),
(2509, 'São Domingos', 20),
(2510, 'São Francisco de Goiás', 20),
(2511, 'São João d\'Aliança', 20),
(2512, 'São João de Goiás', 20),
(2513, 'São Luiz do Norte', 20),
(2514, 'São Miguel do Araguaia', 20),
(2515, 'São Patrício', 20),
(2516, 'São Simão', 20),
(2517, 'Senador Canedo', 20),
(2518, 'Silvânia', 20),
(2519, 'Simolândia', 20),
(2520, 'Sítio d\'Abadia', 20),
(2521, 'Taquaral de Goiás', 20),
(2522, 'Terezópolis de Goiás', 20),
(2523, 'Três Ranchos', 20),
(2524, 'Trindade', 20),
(2525, 'Trombas', 20),
(2526, 'Turvânia', 20),
(2527, 'Turvelândia', 20),
(2528, 'Uruaçu', 20),
(2529, 'Uruana', 20),
(2530, 'Valparaíso de Goiás', 20),
(2531, 'Vianópolis', 20),
(2532, 'Vicentinópolis', 20),
(2533, 'Vila Boa', 20),
(2534, 'Vila Propício', 20),
(2535, 'Açailândia', 21),
(2536, 'Afonso Cunha', 21),
(2537, 'Água Doce do Maranhão', 21),
(2538, 'Alcântara', 21),
(2539, 'Aldeias Altas', 21),
(2540, 'Altamira do Maranhão', 21),
(2541, 'Alto Alegre do Maranhão', 21),
(2542, 'Alto Parnaíba', 21),
(2543, 'Amarante do Maranhão', 21),
(2544, 'Anajatuba', 21),
(2545, 'Anapurus', 21),
(2546, 'Araioses', 21),
(2547, 'Arame', 21),
(2548, 'Arari', 21),
(2549, 'Axixá', 21),
(2550, 'Bacabal', 21),
(2551, 'Bacuri', 21),
(2552, 'Balsas', 21),
(2553, 'Barão de Grajaú', 21),
(2554, 'Barreirinhas', 21),
(2555, 'Bela Vista do Maranhão', 21),
(2556, 'Belágua', 21),
(2557, 'Bequimão', 21),
(2558, 'Bernardo do Mearim', 21),
(2559, 'Boa Vista do Gurupi', 21),
(2560, 'Bom Jardim', 21),
(2561, 'Bom Jesus das Selvas', 21),
(2562, 'Brejo', 21),
(2563, 'Brejo de Areia', 21),
(2564, 'Buriticupu', 21),
(2565, 'Buritirana', 21),
(2566, 'Cajari', 21),
(2567, 'Campestre do Maranhão', 21),
(2568, 'Cândido Motta', 21),
(2569, 'Caxias', 21),
(2570, 'Cedral', 21),
(2571, 'Central do Maranhão', 21),
(2572, 'Chapadinha', 21),
(2573, 'Cidelândia', 21),
(2574, 'Codó', 21),
(2575, 'Coelho Neto', 21),
(2576, 'Colinas', 21),
(2577, 'Conceição do Lago-Açu', 21),
(2578, 'Coroatá', 21),
(2579, 'Cururupu', 21),
(2580, 'Davinópolis', 21),
(2581, 'Dom Pedro', 21),
(2582, 'Duque Bacelar', 21),
(2583, 'Esperantinópolis', 21),
(2584, 'Estreito', 21),
(2585, 'Feira Nova do Maranhão', 21),
(2586, 'Fernando Falcão', 21),
(2587, 'Formosa da Serra Negra', 21),
(2588, 'Fortaleza dos Nogueiras', 21),
(2589, 'Fortuna', 21),
(2590, 'Godofredo Viana', 21),
(2591, 'Gonçalves Dias', 21),
(2592, 'Governador Archer', 21),
(2593, 'Governador Edison Lobão', 21),
(2594, 'Governador Eugênio Barros', 21),
(2595, 'Graça Aranha', 21),
(2596, 'Igarapé do Meio', 21),
(2597, 'Iguaíba', 21),
(2598, 'Imperatriz', 21),
(2599, 'Itaipava do Grajaú', 21),
(2600, 'Itapecuru Mirim', 21),
(2601, 'Itinga do Maranhão', 21),
(2602, 'Jatobá', 21),
(2603, 'Jenipapo dos Vieiras', 21),
(2604, 'João Lisboa', 21),
(2605, 'Joselândia', 21),
(2606, 'Junco do Maranhão', 21),
(2607, 'Lago da Pedra', 21),
(2608, 'Lago do Junco', 21),
(2609, 'Lago dos Rodrigues', 21),
(2610, 'Lago Verde', 21),
(2611, 'Lajeado Novo', 21),
(2612, 'Lapão do Norte', 21),
(2613, 'Lima Campos', 21),
(2614, 'Loreto', 21),
(2615, 'Luís Domingues', 21),
(2616, 'Magalhães de Almeida', 21),
(2617, 'Maracaçumé', 21),
(2618, 'Maranhãozinho', 21),
(2619, 'Mata Roma', 21),
(2620, 'Matinha', 21),
(2621, 'Matões', 21),
(2622, 'Matões do Norte', 21),
(2623, 'Milagres do Maranhão', 21),
(2624, 'Mirador', 21),
(2625, 'Miranda do Norte', 21),
(2626, 'Mirinzal', 21),
(2627, 'Monção', 21),
(2628, 'Montes Altos', 21),
(2629, 'Morros', 21),
(2630, 'Nina Rodrigues', 21),
(2631, 'Olho d\'Água das Cunhãs', 21),
(2632, 'Olinda Nova do Maranhão', 21),
(2633, 'Pau D\'Arco', 21),
(2634, 'Paço do Lumiar', 21),
(2635, 'Palmeirândia', 21),
(2636, 'Paraibano', 21),
(2637, 'Parnarama', 21),
(2638, 'Passagem Franca', 21),
(2639, 'Pastos Bons', 21),
(2640, 'Paulino Neves', 21),
(2641, 'Paulo Ramos', 21),
(2642, 'Pedreiras', 21),
(2643, 'Pedro do Rosário', 21),
(2644, 'Penalva', 21),
(2645, 'Peri Mirim', 21),
(2646, 'Peritoró', 21),
(2647, 'Pindaré-Mirim', 21),
(2648, 'Pinheiro', 21),
(2649, 'Pio XII', 21),
(2650, 'Pirapemas', 21),
(2651, 'Poção de Pedras', 21),
(2652, 'Porto Franco', 21),
(2653, 'Porto Rico do Maranhão', 21),
(2654, 'Presidente Dutra', 21),
(2655, 'Presidente Juscelino', 21),
(2656, 'Primeira Cruz', 21),
(2657, 'Raposa', 21),
(2658, 'Riachão', 21),
(2659, 'Ribamar Fiquene', 21),
(2660, 'Rosário', 21),
(2661, 'Sambaíba', 21),
(2662, 'Santa Filomena do Maranhão', 21),
(2663, 'Santa Helena', 21),
(2664, 'Santa Inês', 21),
(2665, 'Santa Luzia', 21),
(2666, 'Santa Luzia do Paruá', 21),
(2667, 'Santana do Maranhão', 21),
(2668, 'Santo Amaro do Maranhão', 21),
(2669, 'São Benedito do Rio Preto', 21),
(2670, 'São Domingos do Azeitão', 21),
(2671, 'São Félix de Balsas', 21),
(2672, 'São Francisco do Maranhão', 21),
(2673, 'São João Batista', 21),
(2674, 'São João do Carú', 21),
(2675, 'São João do Paraíso', 21),
(2676, 'São José de Ribamar', 21),
(2677, 'São José dos Basílios', 21),
(2678, 'São Luís', 21),
(2679, 'São Luís Gonzaga do Maranhão', 21),
(2680, 'São Mateus do Maranhão', 21),
(2681, 'São Pedro dos Crentes', 21),
(2682, 'São Raimundo das Mangabeiras', 21),
(2683, 'São Raimundo do Doca Bezerra', 21),
(2684, 'São Vicente Férrer', 21),
(2685, 'Serrano do Maranhão', 21),
(2686, 'Sítio Novo', 21),
(2687, 'Tasso Fragoso', 21),
(2688, 'Timbiras', 21),
(2689, 'Timon', 21),
(2690, 'Trizidela do Vale', 21),
(2691, 'Tutóia', 21),
(2692, 'Urbano Santos', 21),
(2693, 'Vargem Grande', 21),
(2694, 'Viana', 21),
(2695, 'Vila Nova dos Martírios', 21),
(2696, 'Vitória do Mearim', 21),
(2697, 'Água Clara', 22),
(2698, 'Alcinópolis', 22),
(2699, 'Amambai', 22),
(2700, 'Anastácio', 22),
(2701, 'Anaurilândia', 22),
(2702, 'Angélica', 22),
(2703, 'Antônio João', 22),
(2704, 'Aparecida do Taboado', 22),
(2705, 'Aquidauana', 22),
(2706, 'Aral Moreira', 22),
(2707, 'Barra do Garças', 22),
(2708, 'Bela Vista', 22),
(2709, 'Bodoquena', 22),
(2710, 'Bonito', 22),
(2711, 'Brasilândia', 22),
(2712, 'Caarapó', 22),
(2713, 'Camapuã', 22),
(2714, 'Campo Grande', 22),
(2715, 'Caracol', 22),
(2716, 'Cassilândia', 22),
(2717, 'Chapadão do Sul', 22),
(2718, 'Corguinho', 22),
(2719, 'Coronel Sapucaia', 22),
(2720, 'Costa Rica', 22),
(2721, 'Coxim', 22),
(2722, 'Deodápolis', 22),
(2723, 'Dois Irmãos do Buriti', 22),
(2724, 'Douradina', 22),
(2725, 'Dourados', 22),
(2726, 'Eldorado', 22),
(2727, 'Fátima do Sul', 22),
(2728, 'Glória de Dourados', 22),
(2729, 'Iguatemi', 22),
(2730, 'Inocência', 22),
(2731, 'Itaporã', 22),
(2732, 'Itaquiraí', 22),
(2733, 'Ivinhema', 22),
(2734, 'Japorã', 22),
(2735, 'Jaraguari', 22),
(2736, 'Jardim', 22),
(2737, 'Jateí', 22),
(2738, 'Juti', 22),
(2739, 'Ladário', 22),
(2740, 'Laguna Carapã', 22),
(2741, 'Maracaju', 22),
(2742, 'Miranda', 22),
(2743, 'Mundo Novo', 22),
(2744, 'Naviraí', 22),
(2745, 'Nioaque', 22),
(2746, 'Nova Alvorada do Sul', 22),
(2747, 'Nova Andradina', 22),
(2748, 'Novo Horizonte do Sul', 22),
(2749, 'Paranaíba', 22),
(2750, 'Paranhos', 22),
(2751, 'Pedro Gomes', 22),
(2752, 'Ponta Porã', 22),
(2753, 'Porto Murtinho', 22),
(2754, 'Ribas do Rio Pardo', 22),
(2755, 'Rio Brilhante', 22),
(2756, 'Rio Negro', 22),
(2757, 'Rio Verde de Mato Grosso', 22),
(2758, 'Rochedo', 22),
(2759, 'Santa Rita do Pardo', 22),
(2760, 'São Gabriel do Oeste', 22),
(2761, 'Selvíria', 22),
(2762, 'Sete Quedas', 22),
(2763, 'Sidrolândia', 22),
(2764, 'Sonora', 22),
(2765, 'Tacuru', 22),
(2766, 'Terenos', 22),
(2767, 'Três Lagoas', 22),
(2768, 'Vicentina', 22),
(2769, 'Acorizal', 23),
(2770, 'Água Boa', 23),
(2771, 'Alta Floresta', 23),
(2772, 'Alto Araguaia', 23),
(2773, 'Alto Boa Vista', 23),
(2774, 'Alto Garças', 23),
(2775, 'Alto Paraguai', 23),
(2776, 'Barra do Bugres', 23),
(2777, 'Barra do Garças', 23),
(2778, 'Bom Jesus do Araguaia', 23),
(2779, 'Brasnorte', 23),
(2780, 'Cáceres', 23),
(2781, 'Campinápolis', 23),
(2782, 'Campo Novo do Parecis', 23),
(2783, 'Campo Verde', 23),
(2784, 'Cláudia', 23),
(2785, 'Cuiabá', 23),
(2786, 'Curvelândia', 23),
(2787, 'Denise', 23),
(2788, 'Diamantino', 23),
(2789, 'Dom Aquino', 23),
(2790, 'Figueirópolis D Oeste', 23),
(2791, 'Gaúcha do Norte', 23),
(2792, 'General Carneiro', 23),
(2793, 'Guarantã do Norte', 23),
(2794, 'Itiquira', 23),
(2795, 'Jaciara', 23),
(2796, 'Jangada', 23),
(2797, 'Juara', 23),
(2798, 'Juína', 23),
(2799, 'Juruena', 23),
(2800, 'Lambari D Oeste', 23),
(2801, 'Lucas do Rio Verde', 23),
(2802, 'Luciara', 23),
(2803, 'Marcelândia', 23),
(2804, 'Matupá', 23),
(2805, 'Mirassol d Oeste', 23),
(2806, 'Nobres', 23),
(2807, 'Nortelândia', 23),
(2808, 'Nossa Senhora do Livramento', 23),
(2809, 'Nova Bandeirantes', 23),
(2810, 'Nova Brasilândia', 23),
(2811, 'Nova Canaã do Norte', 23),
(2812, 'Nova Guarita', 23),
(2813, 'Nova Lacerda', 23),
(2814, 'Nova Marilândia', 23),
(2815, 'Nova Monte Verde', 23),
(2816, 'Nova Mutum', 23),
(2817, 'Nova Olímpia', 23),
(2818, 'Nova Xavantina', 23),
(2819, 'Novo Mundo', 23),
(2820, 'Paranaíta', 23),
(2821, 'Peixoto de Azevedo', 23),
(2822, 'Primavera do Leste', 23),
(2823, 'Querência', 23),
(2824, 'São Félix do Araguaia', 23),
(2825, 'São José do Rio Claro', 23),
(2826, 'São José dos Quatro Marcos', 23),
(2827, 'Sinop', 23),
(2828, 'Sorriso', 23),
(2829, 'Tabaporã', 23),
(2830, 'Tangará da Serra', 23),
(2831, 'Teixeira de Freitas', 23),
(2832, 'Torixoréu', 23),
(2833, 'União do Sul', 23),
(2834, 'Vale de São Domingos', 23),
(2835, 'Várzea Grande', 23),
(2836, 'Vila Bela da Santíssima Trindade', 23),
(2837, 'Vila Rica', 23),
(2838, 'Açailândia', 24),
(2839, 'Água Doce do Maranhão', 24),
(2840, 'Alcântara', 24),
(2841, 'Aldeias Altas', 24),
(2842, 'Altamira do Maranhão', 24),
(2843, 'Alto Alegre do Maranhão', 24),
(2844, 'Alto Parnaíba', 24),
(2845, 'Amarante do Maranhão', 24),
(2846, 'Anajatuba', 24),
(2847, 'Angical do Maranhão', 24),
(2848, 'Apicum-Açu', 24),
(2849, 'Araguanã', 24),
(2850, 'Araioses', 24),
(2851, 'Arame', 24),
(2852, 'Arari', 24),
(2853, 'Balsas', 24),
(2854, 'Barão de Grajaú', 24),
(2855, 'Barra do Corda', 24),
(2856, 'Barreirinhas', 24),
(2857, 'Bela Vista do Maranhão', 24),
(2858, 'Bequimão', 24),
(2859, 'Bernardo do Mearim', 24),
(2860, 'Boa Vista do Gurupi', 24),
(2861, 'Bom Jardim', 24),
(2862, 'Bom Jesus das Selvas', 24),
(2863, 'Brejo', 24),
(2864, 'Brejo de Areia', 24),
(2865, 'Buriti', 24),
(2866, 'Buriti Bravo', 24),
(2867, 'Cachoeira Grande', 24),
(2868, 'Cajapió', 24),
(2869, 'Cajari', 24),
(2870, 'Campestre do Maranhão', 24),
(2871, 'Cândido Motta', 24),
(2872, 'Cantanhede', 24),
(2873, 'Caxias', 24),
(2874, 'Cedral', 24),
(2875, 'Central do Maranhão', 24),
(2876, 'Centro do Guilherme', 24),
(2877, 'Centro Novo do Maranhão', 24),
(2878, 'Chapadinha', 24),
(2879, 'Cidelândia', 24),
(2880, 'Codó', 24),
(2881, 'Coelho Neto', 24),
(2882, 'Colinas', 24),
(2883, 'Conceição do Lago-Açu', 24),
(2884, 'Coroatá', 24),
(2885, 'Cururupu', 24),
(2886, 'Davinópolis', 24),
(2887, 'Dom Pedro', 24),
(2888, 'Duque Bacelar', 24),
(2889, 'Esperantinópolis', 24),
(2890, 'Estreito', 24),
(2891, 'Feira Nova do Maranhão', 24),
(2892, 'Fernando Falcão', 24),
(2893, 'Formosa da Serra Negra', 24),
(2894, 'Fortuna', 24),
(2895, 'Godofredo Viana', 24),
(2896, 'Gonçalves Dias', 24),
(2897, 'Governador Archer', 24),
(2898, 'Governador Edison Lobão', 24),
(2899, 'Governador Luiz Rocha', 24),
(2900, 'Grajaú', 24),
(2901, 'Igarapé do Meio', 24),
(2902, 'Igarapé Grande', 24),
(2903, 'Imperatriz', 24),
(2904, 'Itaipava do Grajaú', 24),
(2905, 'Itapecuru Mirim', 24),
(2906, 'Itinga do Maranhão', 24),
(2907, 'Jatobá', 24),
(2908, 'Jenipapo dos Vieiras', 24),
(2909, 'João Lisboa', 24),
(2910, 'Joselândia', 24),
(2911, 'Junco do Maranhão', 24),
(2912, 'Lago da Pedra', 24),
(2913, 'Lago do Junco', 24),
(2914, 'Lago dos Rodrigues', 24),
(2915, 'Lima Campos', 24),
(2916, 'Loreto', 24),
(2917, 'Luís Domingues', 24),
(2918, 'Magalhães de Almeida', 24),
(2919, 'Maracaçumé', 24),
(2920, 'Maranhãozinho', 24),
(2921, 'Mata Roma', 24),
(2922, 'Matinha', 24),
(2923, 'Mirador', 24),
(2924, 'Miranda do Norte', 24),
(2925, 'Monção', 24),
(2926, 'Montes Altos', 24),
(2927, 'Morros', 24),
(2928, 'Nina Rodrigues', 24),
(2929, 'Nova Iorque', 24),
(2930, 'Nova Olinda do Maranhão', 24),
(2931, 'Olho d\'Água das Cunhãs', 24),
(2932, 'Olinda Nova do Maranhão', 24),
(2933, 'Paço do Lumiar', 24),
(2934, 'Palmeirândia', 24),
(2935, 'Paraibano', 24),
(2936, 'Parnarama', 24),
(2937, 'Passagem Franca', 24),
(2938, 'Pastos Bons', 24),
(2939, 'Paulino Neves', 24),
(2940, 'Paulo Ramos', 24),
(2941, 'Pedreiras', 24),
(2942, 'Pedro do Rosário', 24),
(2943, 'Pinheiro', 24),
(2944, 'Pio XII', 24),
(2945, 'Pirapemas', 24),
(2946, 'Poção de Pedras', 24),
(2947, 'Porto Franco', 24),
(2948, 'Porto Rico do Maranhão', 24),
(2949, 'Presidente Dutra', 24),
(2950, 'Presidente Juscelino', 24),
(2951, 'Presidente Médici', 24),
(2952, 'Raposa', 24),
(2953, 'Riachão', 24),
(2954, 'Ribamar Fiquene', 24),
(2955, 'Rosário', 24),
(2956, 'Sambaíba', 24),
(2957, 'Santa Filomena do Maranhão', 24),
(2958, 'Santa Helena', 24),
(2959, 'Santa Inês', 24),
(2960, 'Santa Luzia', 24),
(2961, 'Santa Luzia do Paruá', 24),
(2962, 'São Benedito do Rio Preto', 24),
(2963, 'São Bento', 24),
(2964, 'São Domingos do Azeitão', 24),
(2965, 'São João Batista', 24),
(2966, 'São João do Carú', 24),
(2967, 'São João do Paraíso', 24),
(2968, 'São João do Soter', 24),
(2969, 'São José de Ribamar', 24),
(2970, 'São José dos Basílios', 24),
(2971, 'São Luís', 24),
(2972, 'São Luís Gonzaga do Maranhão', 24),
(2973, 'São Mateus do Maranhão', 24),
(2974, 'São Pedro da Água Branca', 24),
(2975, 'São Raimundo das Mangabeiras', 24),
(2976, 'São Raimundo do Doca Bezerra', 24),
(2977, 'Sítio Novo', 24),
(2978, 'Suatá', 24),
(2979, 'Tutóia', 24),
(2980, 'Urbano Santos', 24),
(2981, 'Vargem Grande', 24),
(2982, 'Viana', 24),
(2983, 'Vila Nova dos Martírios', 24),
(2984, 'Vitória do Mearim', 24),
(2985, 'Açailândia', 25),
(2986, 'Água Doce do Maranhão', 25),
(2987, 'Alcântara', 25),
(2988, 'Aldeias Altas', 25),
(2989, 'Altamira do Maranhão', 25),
(2990, 'Alto Alegre do Maranhão', 25),
(2991, 'Alto Parnaíba', 25),
(2992, 'Amarante do Maranhão', 25),
(2993, 'Anajatuba', 25),
(2994, 'Angical do Maranhão', 25),
(2995, 'Apicum-Açu', 25),
(2996, 'Araguanã', 25),
(2997, 'Araioses', 25),
(2998, 'Arame', 25),
(2999, 'Arari', 25),
(3000, 'Balsas', 25),
(3001, 'Barão de Grajaú', 25),
(3002, 'Barra do Corda', 25),
(3003, 'Barreirinhas', 25),
(3004, 'Bela Vista do Maranhão', 25),
(3005, 'Bequimão', 25),
(3006, 'Bernardo do Mearim', 25),
(3007, 'Boa Vista do Gurupi', 25),
(3008, 'Bom Jardim', 25),
(3009, 'Bom Jesus das Selvas', 25),
(3010, 'Brejo', 25),
(3011, 'Brejo de Areia', 25),
(3012, 'Buriti', 25),
(3013, 'Buriti Bravo', 25),
(3014, 'Cachoeira Grande', 25),
(3015, 'Cajapió', 25),
(3016, 'Cajari', 25),
(3017, 'Campestre do Maranhão', 25),
(3018, 'Cândido Motta', 25),
(3019, 'Cantanhede', 25),
(3020, 'Caxias', 25),
(3021, 'Cedral', 25),
(3022, 'Central do Maranhão', 25),
(3023, 'Centro do Guilherme', 25),
(3024, 'Centro Novo do Maranhão', 25),
(3025, 'Chapadinha', 25),
(3026, 'Cidelândia', 25),
(3027, 'Codó', 25),
(3028, 'Coelho Neto', 25),
(3029, 'Colinas', 25),
(3030, 'Conceição do Lago-Açu', 25),
(3031, 'Coroatá', 25),
(3032, 'Cururupu', 25),
(3033, 'Davinópolis', 25),
(3034, 'Dom Pedro', 25),
(3035, 'Duque Bacelar', 25),
(3036, 'Esperantinópolis', 25),
(3037, 'Estreito', 25),
(3038, 'Feira Nova do Maranhão', 25),
(3039, 'Fernando Falcão', 25),
(3040, 'Formosa da Serra Negra', 25),
(3041, 'Fortuna', 25),
(3042, 'Godofredo Viana', 25),
(3043, 'Gonçalves Dias', 25),
(3044, 'Governador Archer', 25),
(3045, 'Governador Edison Lobão', 25),
(3046, 'Governador Luiz Rocha', 25),
(3047, 'Grajaú', 25),
(3048, 'Igarapé do Meio', 25),
(3049, 'Igarapé Grande', 25),
(3050, 'Imperatriz', 25),
(3051, 'Itaipava do Grajaú', 25),
(3052, 'Itapecuru Mirim', 25),
(3053, 'Itinga do Maranhão', 25),
(3054, 'Jatobá', 25),
(3055, 'Jenipapo dos Vieiras', 25),
(3056, 'João Lisboa', 25),
(3057, 'Joselândia', 25),
(3058, 'Junco do Maranhão', 25),
(3059, 'Lago da Pedra', 25),
(3060, 'Lago do Junco', 25),
(3061, 'Lago dos Rodrigues', 25),
(3062, 'Lima Campos', 25),
(3063, 'Loreto', 25),
(3064, 'Luís Domingues', 25),
(3065, 'Magalhães de Almeida', 25),
(3066, 'Maracaçumé', 25),
(3067, 'Maranhãozinho', 25),
(3068, 'Mata Roma', 25),
(3069, 'Matinha', 25),
(3070, 'Mirador', 25),
(3071, 'Miranda do Norte', 25),
(3072, 'Monção', 25),
(3073, 'Montes Altos', 25),
(3074, 'Morros', 25),
(3075, 'Nina Rodrigues', 25),
(3076, 'Nova Iorque', 25),
(3077, 'Nova Olinda do Maranhão', 25),
(3078, 'Olho d\'Água das Cunhãs', 25),
(3079, 'Olinda Nova do Maranhão', 25),
(3080, 'Paço do Lumiar', 25),
(3081, 'Palmeirândia', 25),
(3082, 'Paraibano', 25),
(3083, 'Parnarama', 25),
(3084, 'Passagem Franca', 25),
(3085, 'Pastos Bons', 25),
(3086, 'Paulino Neves', 25),
(3087, 'Paulo Ramos', 25),
(3088, 'Pedreiras', 25),
(3089, 'Pedro do Rosário', 25),
(3090, 'Pinheiro', 25),
(3091, 'Pio XII', 25),
(3092, 'Pirapemas', 25),
(3093, 'Poção de Pedras', 25),
(3094, 'Porto Franco', 25),
(3095, 'Porto Rico do Maranhão', 25),
(3096, 'Presidente Dutra', 25),
(3097, 'Presidente Juscelino', 25),
(3098, 'Presidente Médici', 25),
(3099, 'Raposa', 25),
(3100, 'Riachão', 25),
(3101, 'Ribamar Fiquene', 25),
(3102, 'Rosário', 25),
(3103, 'Sambaíba', 25),
(3104, 'Santa Filomena do Maranhão', 25),
(3105, 'Santa Helena', 25),
(3106, 'Santa Inês', 25),
(3107, 'Santa Luzia', 25),
(3108, 'Santa Luzia do Paruá', 25),
(3109, 'São Benedito do Rio Preto', 25),
(3110, 'São Bento', 25),
(3111, 'São Domingos do Azeitão', 25),
(3112, 'São João Batista', 25),
(3113, 'São João do Carú', 25),
(3114, 'São João do Paraíso', 25),
(3115, 'São João do Soter', 25),
(3116, 'São José de Ribamar', 25),
(3117, 'São José dos Basílios', 25),
(3118, 'São Luís', 25),
(3119, 'São Luís Gonzaga do Maranhão', 25),
(3120, 'São Mateus do Maranhão', 25),
(3121, 'São Pedro da Água Branca', 25),
(3122, 'São Raimundo das Mangabeiras', 25),
(3123, 'São Raimundo do Doca Bezerra', 25),
(3124, 'Sítio Novo', 25),
(3125, 'Supriano', 25),
(3126, 'Tutóia', 25),
(3127, 'Urbano Santos', 25),
(3128, 'Vargem Grande', 25),
(3129, 'Viana', 25),
(3130, 'Vila Nova dos Martírios', 25),
(3131, 'Vitória do Mearim', 25),
(3132, 'Adamantina', 26),
(3133, 'Adolfo', 26),
(3134, 'Aguaí', 26),
(3135, 'Águas da Prata', 26),
(3136, 'Águas de Lindóia', 26),
(3137, 'Agudos', 26),
(3138, 'Alambari', 26),
(3139, 'Alfredo Marcondes', 26),
(3140, 'Altair', 26),
(3141, 'Altinópolis', 26),
(3142, 'Alvinlândia', 26),
(3143, 'Americana', 26),
(3144, 'Américo Brasiliense', 26),
(3145, 'Amparo', 26),
(3146, 'Anaurilândia', 26),
(3147, 'Andradina', 26),
(3148, 'Angatuba', 26),
(3149, 'Anhembi', 26),
(3150, 'Anhumas', 26),
(3151, 'Aparecida', 26),
(3152, 'Araçariguama', 26),
(3153, 'Araçatuba', 26),
(3154, 'Aramina', 26),
(3155, 'Arandu', 26),
(3156, 'Arapeí', 26),
(3157, 'Araraquara', 26),
(3158, 'Araras', 26),
(3159, 'Arujá', 26),
(3160, 'Aspásia', 26),
(3161, 'Assis', 26),
(3162, 'Atibaia', 26),
(3163, 'Auriflama', 26),
(3164, 'Avaí', 26),
(3165, 'Bady Bassitt', 26),
(3166, 'Bálsamo', 26),
(3167, 'Bananal', 26),
(3168, 'Bariri', 26),
(3169, 'Barra Bonita', 26),
(3170, 'Barra do Chapéu', 26),
(3171, 'Barra do Turvo', 26),
(3172, 'Barretos', 26),
(3173, 'Barrinha', 26),
(3174, 'Bastos', 26),
(3175, 'Bauru', 26),
(3176, 'Bebedouro', 26),
(3177, 'Bento de Abreu', 26),
(3178, 'Bernardino de Campos', 26),
(3179, 'Bertioga', 26),
(3180, 'Bilac', 26),
(3181, 'Birigui', 26),
(3182, 'Biritiba-Mirim', 26),
(3183, 'Boa Esperança do Sul', 26),
(3184, 'Bocaina', 26),
(3185, 'Bofete', 26),
(3186, 'Boituva', 26),
(3187, 'Bom Jesus dos Perdões', 26),
(3188, 'Botucatu', 26),
(3189, 'Bragança Paulista', 26),
(3190, 'Braúna', 26),
(3191, 'Brejo Alegre', 26),
(3192, 'Broda', 26),
(3193, 'Brotas', 26),
(3194, 'Buri', 26),
(3195, 'Buritama', 26),
(3196, 'Cabreúva', 26),
(3197, 'Cáceres', 26),
(3198, 'Caçapava', 26),
(3199, 'Cajamar', 26),
(3200, 'Cajati', 26),
(3201, 'Cajuru', 26),
(3202, 'Campinas', 26),
(3203, 'Campo Limpo Paulista', 26),
(3204, 'Campos do Jordão', 26),
(3205, 'Cananéia', 26),
(3206, 'Cândido Motta', 26),
(3207, 'Capão Bonito', 26),
(3208, 'Capela do Alto', 26),
(3209, 'Capivari', 26),
(3210, 'Caraguatatuba', 26),
(3211, 'Carapicuíba', 26),
(3212, 'Cardoso', 26),
(3213, 'Casa Branca', 26),
(3214, 'Cássia dos Coqueiros', 26),
(3215, 'Castilho', 26),
(3216, 'Catanduva', 26),
(3217, 'Catiguá', 26),
(3218, 'Cedral', 26),
(3219, 'Cerqueira César', 26),
(3220, 'Cerquilho', 26),
(3221, 'Cesário Lange', 26),
(3222, 'Charqueada', 26),
(3223, 'Chavantes', 26),
(3224, 'Clementina', 26),
(3225, 'Colina', 26),
(3226, 'Colômbia', 26),
(3227, 'Conchal', 26),
(3228, 'Conchas', 26),
(3229, 'Cordeirópolis', 26),
(3230, 'Coroados', 26),
(3231, 'Corumbataí', 26),
(3232, 'Cosmorama', 26),
(3233, 'Cotia', 26),
(3234, 'Cravinhos', 26),
(3235, 'Cristais Paulista', 26),
(3236, 'Cubatão', 26),
(3237, 'Cunha', 26),
(3238, 'Descalvado', 26),
(3239, 'Diadema', 26),
(3240, 'Dobrada', 26),
(3241, 'Dois Córregos', 26),
(3242, 'Dolcinópolis', 26),
(3243, 'Dourado', 26),
(3244, 'Dracena', 26),
(3245, 'Duartina', 26),
(3246, 'Dumont', 26),
(3247, 'Echaporã', 26),
(3248, 'Eldorado', 26),
(3249, 'Elias Fausto', 26),
(3250, 'Elisiário', 26),
(3251, 'Embu das Artes', 26),
(3252, 'Embu-Guaçu', 26),
(3253, 'Emilianópolis', 26),
(3254, 'Engenheiro Coelho', 26),
(3255, 'Espírito Santo do Pinhal', 26),
(3256, 'Espírito Santo do Turvo', 26),
(3257, 'Estiva Gerbi', 26),
(3258, 'Estrela d\'Oeste', 26),
(3259, 'Estrela do Norte', 26),
(3260, 'Euclides da Cunha Paulista', 26),
(3261, 'Fartura', 26),
(3262, 'Fernando Prestes', 26),
(3263, 'Fernandópolis', 26),
(3264, 'Filipópolis', 26),
(3265, 'Flórida Paulista', 26),
(3266, 'Floreal', 26),
(3267, 'Florínia', 26),
(3268, 'Franca', 26),
(3269, 'Francisco Morato', 26),
(3270, 'Franco da Rocha', 26),
(3271, 'Gabriel Monteiro', 26),
(3272, 'Gália', 26),
(3273, 'Garça', 26),
(3274, 'Gastão Vidigal', 26),
(3275, 'Gavião Peixoto', 26),
(3276, 'General Salgado', 26),
(3277, 'Getulina', 26),
(3278, 'Glicério', 26),
(3279, 'Guaiçara', 26),
(3280, 'Guaraci', 26),
(3281, 'Guarajá', 26),
(3282, 'Guarapari', 26),
(3283, 'Guarapuava', 26),
(3284, 'Guaratuba', 26),
(3285, 'Guaratinguetá', 26),
(3286, 'Guareí', 26),
(3287, 'Guariba', 26),
(3288, 'Guarujá', 26),
(3289, 'Guarulhos', 26),
(3290, 'Herculândia', 26),
(3291, 'Holambra', 26),
(3292, 'Iacanga', 26),
(3293, 'Ibaté', 26),
(3294, 'Ibiporã', 26),
(3295, 'Ibitinga', 26),
(3296, 'Ibiúna', 26),
(3297, 'Icém', 26),
(3298, 'Iepê', 26),
(3299, 'Igarapava', 26),
(3300, 'Iguape', 26),
(3301, 'Ilhabela', 26),
(3302, 'Indaiatuba', 26),
(3303, 'Indianópolis', 26),
(3304, 'Indiaporã', 26),
(3305, 'Iperó', 26),
(3306, 'Ipeúna', 26),
(3307, 'Ipiguá', 26),
(3308, 'Iporanga', 26),
(3309, 'Ipuã', 26),
(3310, 'Iracemápolis', 26),
(3311, 'Irapuã', 26),
(3312, 'Irapuru', 26),
(3313, 'Itaberá', 26),
(3314, 'Itápolis', 26),
(3315, 'Itaporanga', 26),
(3316, 'Itariri', 26),
(3317, 'Itatiba', 26),
(3318, 'Itatinga', 26),
(3319, 'Itirapina', 26),
(3320, 'Itu', 26),
(3321, 'Itupeva', 26),
(3322, 'Ituverava', 26),
(3323, 'Jaborandi', 26),
(3324, 'Jaboticabal', 26),
(3325, 'Jacareí', 26),
(3326, 'Jales', 26),
(3327, 'Jambeiro', 26),
(3328, 'Jandira', 26),
(3329, 'Jardinópolis', 26),
(3330, 'Jarinu', 26),
(3331, 'Jaú', 26),
(3332, 'Jeriquara', 26),
(3333, 'Joanópolis', 26),
(3334, 'José Bonifácio', 26),
(3335, 'Jundiaí', 26),
(3336, 'Junqueirópolis', 26),
(3337, 'Juquiá', 26),
(3338, 'Juquitiba', 26),
(3339, 'Lagoinha', 26),
(3340, 'Laranjal Paulista', 26),
(3341, 'Leme', 26),
(3342, 'Lençóis Paulista', 26),
(3343, 'Limeira', 26),
(3344, 'Lindóia', 26),
(3345, 'Lins', 26),
(3346, 'Lorena', 26),
(3347, 'Lourdes', 26),
(3348, 'Louveira', 26),
(3349, 'Lucélia', 26),
(3350, 'Lucianópolis', 26),
(3351, 'Luís Antônio', 26),
(3352, 'Luiziânia', 26),
(3353, 'Lupércio', 26),
(3354, 'Macatuba', 26),
(3355, 'Macaubal', 26),
(3356, 'Mairinque', 26),
(3357, 'Mairiporã', 26),
(3358, 'Manduri', 26),
(3359, 'Marabá Paulista', 26),
(3360, 'Marília', 26),
(3361, 'Marinópolis', 26),
(3362, 'Martinópolis', 26),
(3363, 'Matão', 26),
(3364, 'Mauá', 26),
(3365, 'Mendonça', 26),
(3366, 'Meridiano', 26),
(3367, 'Mesópolis', 26),
(3368, 'Miguelópolis', 26),
(3369, 'Mineiros do Tietê', 26),
(3370, 'Mira Estrela', 26),
(3371, 'Miracatu', 26),
(3372, 'Mirandópolis', 26),
(3373, 'Mirante do Paranapanema', 26),
(3374, 'Mococa', 26),
(3375, 'Mogi das Cruzes', 26),
(3376, 'Mogi Guaçu', 26),
(3377, 'Mogi Mirim', 26),
(3378, 'Mombuca', 26),
(3379, 'Monções', 26),
(3380, 'Morro Agudo', 26),
(3381, 'Morungaba', 26),
(3382, 'Murutinga do Sul', 26),
(3383, 'Nantes', 26),
(3384, 'Narandiba', 26),
(3385, 'Natividade da Serra', 26),
(3386, 'Nazaré Paulista', 26),
(3387, 'Neves Paulista', 26),
(3388, 'Nipoã', 26),
(3389, 'Nova Aliança', 26),
(3390, 'Nova Campina', 26),
(3391, 'Nova Cantu', 26),
(3392, 'Nova Granada', 26),
(3393, 'Nova Independência', 26),
(3394, 'Nova Luzitânia', 26),
(3395, 'Nova Odessa', 26),
(3396, 'Novo Horizonte', 26),
(3397, 'Ocauçu', 26),
(3398, 'Olímpia', 26),
(3399, 'Onda Verde', 26),
(3400, 'Orlândia', 26),
(3401, 'Osasco', 26),
(3402, 'Oscar Bressane', 26),
(3403, 'Osvaldo Cruz', 26),
(3404, 'Ourinhos', 26),
(3405, 'Ouro Verde', 26),
(3406, 'Pacaembu', 26),
(3407, 'Palmeira d\'Oeste', 26),
(3408, 'Palmital', 26),
(3409, 'Panorama', 26),
(3410, 'Paraguaçu Paulista', 26),
(3411, 'Paranapanema', 26),
(3412, 'Parapuã', 26),
(3413, 'Pardinho', 26),
(3414, 'Pariquera-Açu', 26),
(3415, 'Patrocínio Paulista', 26),
(3416, 'Pauliceia', 26),
(3417, 'Paulínia', 26),
(3418, 'Paulistânia', 26),
(3419, 'Poá', 26),
(3420, 'Poloni', 26),
(3421, 'Pontal', 26),
(3422, 'Porecatu', 26),
(3423, 'Porto Feliz', 26),
(3424, 'Porto Ferreira', 26),
(3425, 'Potim', 26),
(3426, 'Potirendaba', 26),
(3427, 'Pracinha', 26),
(3428, 'Praia Grande', 26),
(3429, 'Presidente Alves', 26),
(3430, 'Presidente Bernardes', 26),
(3431, 'Presidente Epitácio', 26),
(3432, 'Presidente Prudente', 26),
(3433, 'Presidente Venceslau', 26),
(3434, 'Promissão', 26),
(3435, 'Quadra', 26),
(3436, 'Queiroz', 26),
(3437, 'Rafard', 26),
(3438, 'Rancharia', 26),
(3439, 'Redenção da Serra', 26),
(3440, 'Regente Feijó', 26),
(3441, 'Registro', 26),
(3442, 'Restinga', 26),
(3443, 'Ribeirão Bonito', 26),
(3444, 'Ribeirão Branco', 26),
(3445, 'Ribeirão Corrente', 26),
(3446, 'Ribeirão do Sul', 26),
(3447, 'Ribeirão Preto', 26),
(3448, 'Rifaina', 26),
(3449, 'Rincão', 26),
(3450, 'Riversul', 26),
(3451, 'Rosana', 26),
(3452, 'Roseira', 26),
(3453, 'Rubiácea', 26),
(3454, 'Rubinéia', 26),
(3455, 'Sales', 26),
(3456, 'Salesópolis', 26),
(3457, 'Salmourão', 26),
(3458, 'Saltinho', 26),
(3459, 'Salto', 26),
(3460, 'Salto de Pirapora', 26),
(3461, 'Santa Adélia', 26),
(3462, 'Santa Albertina', 26),
(3463, 'Santa Bárbara d\'Oeste', 26),
(3464, 'Santa Branca', 26),
(3465, 'Santa Cruz da Conceição', 26),
(3466, 'Santa Cruz das Palmeiras', 26),
(3467, 'Santa Gertrudes', 26),
(3468, 'Santa Isabel', 26),
(3469, 'Santa Lucia', 26),
(3470, 'Santa Maria da Serra', 26),
(3471, 'Santa Rita do Passa Quatro', 26),
(3472, 'Santa Rosa de Viterbo', 26),
(3473, 'Santa São Sebastião', 26),
(3474, 'Santo André', 26),
(3475, 'Santo Antônio da Alegria', 26),
(3476, 'Santo Antônio do Aracanguá', 26),
(3477, 'Santo Antônio do Pinhal', 26),
(3478, 'Santo Antônio de Posse', 26),
(3479, 'São Bernardo do Campo', 26),
(3480, 'São Caetano do Sul', 26),
(3481, 'São João da Boa Vista', 26),
(3482, 'São João das Duas Pontes', 26),
(3483, 'São Joaquim da Barra', 26),
(3484, 'São José da Bela Vista', 26),
(3485, 'São José dos Campos', 26),
(3486, 'São Lourenço da Serra', 26),
(3487, 'São Luís do Paraitinga', 26),
(3488, 'São Miguel Arcanjo', 26),
(3489, 'São Paulo', 26),
(3490, 'São Pedro', 26),
(3491, 'São Roque', 26),
(3492, 'São Sebastião', 26),
(3493, 'São Simão', 26),
(3494, 'Sarapui', 26),
(3495, 'Sarutaiá', 26),
(3496, 'Sebastianópolis do Sul', 26),
(3497, 'Serra Negra', 26),
(3498, 'Serrana', 26),
(3499, 'Sertãozinho', 26),
(3500, 'Sete Barras', 26),
(3501, 'Silveiras', 26),
(3502, 'Socorro', 26),
(3503, 'Sud Mennucci', 26),
(3504, 'Sumaré', 26),
(3505, 'Suzano', 26),
(3506, 'Sábado Novo', 26),
(3507, 'Tabapuã', 26),
(3508, 'Taboão da Serra', 26),
(3509, 'Tambaú', 26),
(3510, 'Tanabi', 26),
(3511, 'Tatuí', 26),
(3512, 'Taubaté', 26),
(3513, 'Teodoro Sampaio', 26),
(3514, 'Terra Roxa', 26),
(3515, 'Tietê', 26),
(3516, 'Tremembé', 26),
(3517, 'Três Fronteiras', 26),
(3518, 'Tuiuti', 26),
(3519, 'Tupã', 26),
(3520, 'Tupi Paulista', 26),
(3521, 'Turmalina', 26),
(3522, 'Ubarana', 26),
(3523, 'Ubatuba', 26),
(3524, 'Ubirajara', 26),
(3525, 'União Paulista', 26),
(3526, 'Urânia', 26),
(3527, 'Uru', 26),
(3528, 'Urupês', 26),
(3529, 'Valentim Gentil', 26),
(3530, 'Valinhos', 26),
(3531, 'Valparaíso', 26),
(3532, 'Vargem', 26),
(3533, 'Vargem Grande do Sul', 26),
(3534, 'Várzea Paulista', 26),
(3535, 'Vera Cruz', 26),
(3536, 'Vinhedo', 26),
(3537, 'Viradouro', 26),
(3538, 'Vista Alegre do Alto', 26),
(3539, 'Vitória Brasil', 26),
(3540, 'Votorantim', 26),
(3541, 'Votuporanga', 26),
(3542, 'Zacarias', 26);

-- --------------------------------------------------------

--
-- Estrutura da tabela `descricaopermissao`
--

CREATE TABLE `descricaopermissao` (
  `id_permissao` int(11) NOT NULL,
  `descricao` varchar(55) NOT NULL
) ENGINE=InnoDB DEFAULT CHARSET=utf8mb4 COLLATE=utf8mb4_general_ci;

--
-- Extraindo dados da tabela `descricaopermissao`
--

INSERT INTO `descricaopermissao` (`id_permissao`, `descricao`) VALUES
(0, 'rp'),
(2, 'p1'),
(3, 'p3'),
(4, 'p4'),
(5, 'admin');

-- --------------------------------------------------------

--
-- Estrutura da tabela `estadocivil`
--

CREATE TABLE `estadocivil` (
  `id` int(1) NOT NULL,
  `estado` varchar(25) NOT NULL
) ENGINE=InnoDB DEFAULT CHARSET=utf8mb4 COLLATE=utf8mb4_general_ci;

--
-- Extraindo dados da tabela `estadocivil`
--

INSERT INTO `estadocivil` (`id`, `estado`) VALUES
(1, 'Solteiro'),
(2, 'Casado'),
(3, 'Divorciado'),
(4, 'Viúvo'),
(5, 'Separado judicialmente');

-- --------------------------------------------------------

--
-- Estrutura da tabela `estados`
--

CREATE TABLE `estados` (
  `id` int(2) NOT NULL,
  `nome` varchar(75) DEFAULT NULL,
  `uf` varchar(2) DEFAULT NULL
) ENGINE=InnoDB DEFAULT CHARSET=latin1 COLLATE=latin1_swedish_ci;

--
-- Extraindo dados da tabela `estados`
--

INSERT INTO `estados` (`id`, `nome`, `uf`) VALUES
(1, 'Acre', 'AC'),
(2, 'Alagoas', 'AL'),
(3, 'Amazonas', 'AM'),
(4, 'Amapá', 'AP'),
(5, 'Bahia', 'BA'),
(6, 'Ceará', 'CE'),
(7, 'Distrito Federal', 'DF'),
(8, 'Espírito Santo', 'ES'),
(9, 'Goiás', 'GO'),
(10, 'Maranhão', 'MA'),
(11, 'Minas Gerais', 'MG'),
(12, 'Mato Grosso do Sul', 'MS'),
(13, 'Mato Grosso', 'MT'),
(14, 'Pará', 'PA'),
(15, 'Paraíba', 'PB'),
(16, 'Pernambuco', 'PE'),
(17, 'Piauí', 'PI'),
(18, 'Paraná', 'PR'),
(19, 'Rio de Janeiro', 'RJ'),
(20, 'Rio Grande do Norte', 'RN'),
(21, 'Rondônia', 'RO'),
(22, 'Roraima', 'RR'),
(23, 'Rio Grande do Sul', 'RS'),
(24, 'Santa Catarina', 'SC'),
(25, 'Sergipe', 'SE'),
(26, 'São Paulo', 'SP'),
(27, 'Tocantins', 'TO');

-- --------------------------------------------------------

--
-- Estrutura da tabela `graduacao`
--

CREATE TABLE `graduacao` (
  `id` int(2) NOT NULL,
  `posto` varchar(20) NOT NULL
) ENGINE=InnoDB DEFAULT CHARSET=utf8mb4 COLLATE=utf8mb4_general_ci;

--
-- Extraindo dados da tabela `graduacao`
--

INSERT INTO `graduacao` (`id`, `posto`) VALUES
(1, 'Sd PM 2ª Cl'),
(2, 'Sd PM'),
(3, 'Cb PM'),
(4, 'Al Sgt PM'),
(5, '3º Sgt PM'),
(6, '2º Sgt PM'),
(7, '1º Sgt PM'),
(8, 'Subten PM'),
(9, 'Al Of PM'),
(10, 'Asp Of PM'),
(11, '2º Ten PM'),
(12, '1º Ten PM'),
(13, 'Cap PM'),
(14, 'Maj PM'),
(15, 'Ten Cel PM'),
(16, 'Cel PM');

-- --------------------------------------------------------

--
-- Estrutura da tabela `logradouro`
--

CREATE TABLE `logradouro` (
  `id` int(2) NOT NULL,
  `tipo` varchar(50) NOT NULL
) ENGINE=InnoDB DEFAULT CHARSET=utf8mb4 COLLATE=utf8mb4_general_ci;

--
-- Extraindo dados da tabela `logradouro`
--

INSERT INTO `logradouro` (`id`, `tipo`) VALUES
(1, 'Rua'),
(2, 'Avenida'),
(3, 'Praça'),
(4, 'Alameda'),
(5, 'Travessa');

-- --------------------------------------------------------

--
-- Estrutura da tabela `p1`
--

CREATE TABLE `p1` (
  `id` int(2) NOT NULL,
  `RE` varchar(8) NOT NULL,
  `NomeCompleto` varchar(55) NOT NULL,
  `NomeGuerra` varchar(50) NOT NULL,
  `DataNascimento` date NOT NULL,
  `DataAdmissao` date NOT NULL,
  `Id_TipoSanguineo` int(1) NOT NULL,
  `Id_CidadeNatal` int(5) NOT NULL,
  `Id_CidadeEndereco` int(5) NOT NULL,
  `NomePai` varchar(55) NOT NULL,
  `NomeMae` varchar(55) NOT NULL,
  `Id_EstadoCivil` int(1) NOT NULL,
  `CPF` varchar(14) NOT NULL,
  `RG` varchar(12) NOT NULL,
  `CNH` varchar(11) NOT NULL,
  `ValidadeCNH` date NOT NULL,
  `Id_CategoriaCNH` int(1) NOT NULL,
  `Id_SATCNH` int(1) NOT NULL,
  `CEP` varchar(9) NOT NULL,
  `Endereco` varchar(100) NOT NULL,
  `Numero` int(5) NOT NULL,
  `Id_Logradouro` int(2) DEFAULT NULL,
  `Bairro` varchar(50) NOT NULL,
  `Complemento` varchar(100) DEFAULT NULL,
  `NomeConjuge` varchar(70) DEFAULT NULL,
  `DtNascConjuge` date DEFAULT NULL,
  `Id_Sexo` int(1) NOT NULL,
  `Telefone1` varchar(15) NOT NULL,
  `Telefone2` varchar(15) DEFAULT NULL,
  `TelefoneRecados` varchar(15) NOT NULL,
  `img` varchar(80) DEFAULT 'img/usuario.png',
  `Id_graduacao` int(2) NOT NULL,
  `Id_estadoAtual` int(2) NOT NULL,
  `Id_estadoNatal` int(2) NOT NULL,
  `DtApresentacao` date NOT NULL,
  `status` int(1) NOT NULL DEFAULT 1
) ENGINE=InnoDB DEFAULT CHARSET=utf8mb4 COLLATE=utf8mb4_general_ci;

--
-- Extraindo dados da tabela `p1`
--

INSERT INTO `p1` (`id`, `RE`, `NomeCompleto`, `NomeGuerra`, `DataNascimento`, `DataAdmissao`, `Id_TipoSanguineo`, `Id_CidadeNatal`, `Id_CidadeEndereco`, `NomePai`, `NomeMae`, `Id_EstadoCivil`, `CPF`, `RG`, `CNH`, `ValidadeCNH`, `Id_CategoriaCNH`, `Id_SATCNH`, `CEP`, `Endereco`, `Numero`, `Id_Logradouro`, `Bairro`, `Complemento`, `NomeConjuge`, `DtNascConjuge`, `Id_Sexo`, `Telefone1`, `Telefone2`, `TelefoneRecados`, `img`, `Id_graduacao`, `Id_estadoAtual`, `Id_estadoNatal`, `DtApresentacao`, `status`) VALUES
(3, '666666-6', 'alceb&iacute;ades', 'frsgdsg', '2024-12-06', '2024-12-06', 1, 1, 3320, 'fdsfsdfds', 'fdsfsfds', 1, '342.424.243-42', '23.423.432-4', '23423432432', '2024-12-06', 2, 5, '13309-864', 'Rua Italo Spinardi', 2, NULL, 'Jardim dos Ip&ecirc;s', '', '', '0000-00-00', 1, '(34) 34354-6654', '', '', NULL, 2, 26, 1, '2024-12-06', 1),
(7, '777777-7', 'Thiago Alceb&iacute;ades', 'xvbdfbd', '2024-12-07', '2024-12-07', 1, 2, 1, 'sfsdfsdfsdd', 'dfsdfsfsfsdf', 1, '324.243.243-24', '34.324.234-2', '32432432432', '2024-12-07', 1, 1, '69945-000', 'Centro', 1, NULL, 'Centro', '', '', '0000-00-00', 1, '(55) 55555-5555', '', '', NULL, 2, 1, 1, '2024-12-07', 1),
(8, '211112-3', 'www', 'adcaece', '2024-12-10', '2024-12-10', 1, 1, 3320, 'efsfsdsdgs', 'rehrhd', 1, '234.222.343-24', '32.432.432-4', '42343243243', '2024-12-10', 2, 2, '13301-500', 'Rua Rio de Janeiro', 3, NULL, 'Brasil', '', '', '0000-00-00', 2, '(55) 54443-3223', '', '', NULL, 2, 26, 1, '2024-12-10', 1),
(10, '666666-0', 'Socr&aacute;tes', 'Socrates', '2024-12-10', '2024-12-10', 2, 3153, 3320, 'dsdzvsdgd', 'sgdgdgdsgsd', 1, '234.242.432-42', '34.324.324-2', '32432432432', '2024-12-10', 3, 7, '13301-500', 'Rua Rio de Janeiro', 2, NULL, 'Brasil', '', '', '0000-00-00', 1, '(44) 44444-4444', '', '', NULL, 1, 26, 26, '2024-12-10', 1),
(11, '111111-1', 'dev', 'Dev', '2024-12-10', '2024-12-10', 1, 1, 3153, 'ggjfjfgjfjfj', 'dhdhgdhdgd', 1, '123.456.789-10', '54.364.354-6', '43663464364', '2024-12-10', 1, 4, '16010-010', 'Rua Prudente de Morais', 5, NULL, 'Centro', '', '', '0000-00-00', 1, '(65) 44443-3333', '', '', NULL, 2, 26, 1, '2024-12-10', 1),
(12, '900000-0', 'ggg', 'rtt', '2024-12-10', '2024-12-10', 4, 3153, 3153, 'sfsafasas', 'fsafsafsa', 1, '213.321.321-32', '21.321.321-1', '23213123232', '2024-12-10', 1, 5, '16010-050', 'Rua Olavo Bilac', 45, 1, 'Centro', 'Lado impar', '', '0000-00-00', 2, '(34) 57989-7653', '', '', './imagempm/67587d8dbed65-Leonardo_Phoenix_A_stylized_circular_symbol_representin', 2, 26, 26, '2024-12-10', 1),
(13, '200000-0', 'rrr', 'sss', '2024-12-10', '2024-12-10', 7, 3153, 3153, 'dvdffsefsfew', 'afaefaefae', 1, '232.332.323-32', '23.323.233-2', '32322323323', '2024-12-10', 8, 4, '16016-010', 'Rua Ara&ccedil;atuba', 1, NULL, 'Alvorada', '', '', '0000-00-00', 1, '(11) 11111-1111', '', '', NULL, 1, 26, 26, '2024-12-10', 1),
(14, '455566-6', 'ewfdasfaf', 'dsvdsfg', '2024-12-18', '2024-12-18', 1, 3181, 3153, 'fgfdgfdg', 'fgfdgfg', 3, '435.354.354-35', '45.435.435-3', '34543543543', '2024-12-18', 8, 3, '16016-010', 'Rua Ara&ccedil;atuba', 1, NULL, 'Alvorada', '', '', '0000-00-00', 1, '(11) 11111-1111', '', '', NULL, 2, 26, 26, '2024-12-18', 1),
(15, '445656-7', 'renan', 'ssafdf', '2024-12-30', '2024-12-30', 2, 3181, 3153, 'dfdvfsbfdb', 'dfbdfbdfbd', 1, '232.323.232-32', '12.231.323-2', '12312312312', '2024-12-30', 1, 2, '16011-003', 'Rua Goulart', 23, NULL, 'Jardim Paulista', '', '', '2024-12-29', 1, '(21) 12121-2121', '', '', NULL, 2, 26, 26, '2024-12-30', 1),
(16, '455666-6', 'effafafe', 'tgthdrfsgsb', '2025-01-06', '2025-01-01', 2, 3181, 3153, 'fbdxbfhf', 'dbfbffdb', 1, '522.332.532-55', '54.353.643-6', '46436643643', '2025-01-06', 1, 7, '16016-010', 'Rua Ara&ccedil;atuba', 4, NULL, 'Alvorada', '', '', '0000-00-00', 1, '(32) 43253-4534', '', '', NULL, 1, 26, 26, '2025-01-06', 1),
(17, '133456-6', 'evgvgrvgr', 'dsvdsvdfd', '2025-01-06', '2025-01-06', 2, 3181, 3153, 'vgvgvgv', 'gvdgvgvdv', 2, '533.535.544-54', '23.353.535-2', '42522225445', '2025-01-06', 2, 8, '16012-270', 'Rua C&acirc;ndido de Freitas Santos', 30, NULL, 'Conjunto Habitacional Jo&atilde;o Batista Botelho', '', 'yfjhfhjfh', '2025-01-06', 1, '(56) 56445-6465', '', '', NULL, 2, 26, 26, '2025-01-06', 1),
(18, '976706-8', 'dede', 'dfsrfsrfr', '2025-01-06', '2025-01-06', 7, 3153, 3153, 'sdgsdgsdg', 'adfdsdgsd', 3, '314.253.656-53', '34.544.354-3', '43534534543', '2025-01-06', 5, 7, '16016-010', 'Rua Ara&ccedil;atuba', 12, NULL, 'Alvorada', '', '', '0000-00-00', 2, '(42) 42354-3252', '', '', NULL, 2, 26, 26, '2025-01-06', 1),
(19, '546765-8', 'fgsdgsdg', 'hdfhdhdf', '2025-01-06', '2025-01-06', 4, 3349, 3153, 'afasfsafsafas', 'sfasfasafas', 4, '325.324.242-34', '32.432.432-4', '32432432432', '2025-01-06', 6, 7, '16016-010', 'Rua Ara&ccedil;atuba', 5, NULL, 'Alvorada', '', '', '0000-00-00', 1, '(45) 43543-4543', '', '', NULL, 1, 26, 26, '2025-01-06', 1),
(20, '567777-7', 'sdgsdgdsgsd', 'okokok', '2025-01-06', '2025-01-06', 2, 3230, 3153, 'bdbdgsdsdgrs', 'fdgdhdhhf', 1, '353.543.535-43', '43.543.535-4', '43643634364', '2025-01-06', 1, 8, '16016-010', 'Rua Ara&ccedil;atuba', 12, NULL, 'Alvorada', '', '', '0000-00-00', 1, '(34) 35346-4554', '', '', NULL, 3, 26, 26, '2025-01-06', 1),
(21, '123214-3', 'rgerey', 'fefdsfsfdsfds', '2025-01-06', '2025-01-06', 8, 3133, 3153, 'sdsdfddsfdsfdsf', 'dsfdsfsdf', 4, '345.433.543-54', '43.543.543-5', '45435454354', '2025-01-06', 6, 9, '16016-010', 'Rua Ara&ccedil;atuba', 1, NULL, 'Alvorada', '', '', '0000-00-00', 1, '(12) 13434-3454', '', '', NULL, 3, 26, 26, '2025-01-06', 1),
(22, '888888-8', 'dfgfdgfdgdf', 'teste', '2025-01-06', '2025-01-06', 1, 3137, 3153, 'sdgdsgsgsdg', 'dgsgdsgdgdgd', 1, '434.364.343-63', '45.435.435-4', '35235432532', '2025-01-06', 7, 8, '16016-010', 'Rua Ara&ccedil;atuba', 1, NULL, 'Alvorada', '', '', '0000-00-00', 1, '(35) 45353-5345', '', '', NULL, 2, 26, 26, '2025-01-06', 1),
(24, '456456-4', 'ewfdsfdfdsfsfd', 'teste', '2025-01-06', '2025-01-06', 2, 3181, 3153, 'ddsffsffs', 'dfsdfdsfdsfds', 1, '543.543.543-54', '43.543.543-5', '34543534543', '2025-01-06', 5, 8, '16016-010', 'Rua Ara&ccedil;atuba', 56, NULL, 'Alvorada', '', '', '0000-00-00', 1, '(43) 24233-2324', '', '', NULL, 2, 26, 26, '2025-01-06', 1),
(25, '543212-0', 'teste quatro', 'testeeee', '2025-01-06', '2025-01-06', 1, 3181, 3153, 'saasfwfsf', 'asfsafsaf', 1, '213.131.131-23', '21.321.321-3', '21321321321', '2025-01-06', 8, 7, '16016-010', 'Rua Ara&ccedil;atuba', 12, NULL, 'Alvorada', '', '', '0000-00-00', 1, '(31) 41232-1442', '', '', 'imagempm/Leonardo_Phoenix_A_stylized_circular_symbol_representing_impor_2.jpg', 2, 26, 26, '2025-01-06', 1),
(26, '555664-4', 'teste cinco', 'testeeeee', '2025-01-06', '2025-01-06', 3, 3153, 3153, 'ewfegsdg', 'dgsggsdg', 2, '123.213.213-21', '12.312.312-3', '21323213213', '2025-01-06', 8, 8, '16016-010', 'Rua Ara&ccedil;atuba', 33, NULL, 'Alvorada', '', 'Lilian', '2025-01-23', 1, '(12) 34213-1231', '', '', NULL, 2, 26, 26, '2025-01-06', 1),
(27, '344446-5', 'rodrigo', 'vnvnvbvbnvb', '2025-01-10', '2025-01-10', 1, 3181, 3153, 'fdssg', 'dsgsddsg', 1, '789.789.789-78', '89.789.798-7', '78687678687', '2025-01-10', 1, 8, '16052-020', 'Rua Ana Nery', 1, NULL, 'Ipanema', '', '', '0000-00-00', 1, '(11) 11111-1122', '', '', NULL, 2, 26, 26, '2025-01-10', 1),
(28, '565476-6', 'eewfwfewf', 'rsefsdgds', '2025-01-20', '2025-01-20', 3, 3153, 3153, 'rggfdgdsg', 'sgdsgdsgs', 1, '324.353.543-54', '43.543.543-5', '54354354354', '2025-01-20', 6, 7, '16012-505', 'Rua Nair Lima Lopes', 12, NULL, 'Conjunto Habitacional Hilda Mandarino', '', '', '0000-00-00', 1, '(21) 32131-3211', '', '', NULL, 2, 26, 26, '2025-01-20', 1),
(29, '776645-2', 'rgregrege', 'dgsdgsdg', '2025-01-20', '2025-01-20', 1, 3181, 3153, 'afsfafaasas', 'fafafaaaaaa', 4, '324.243.244-24', '34.234.432-4', '23432443242', '2025-01-20', 8, 7, '16016-010', 'Rua Ara&ccedil;atuba', 2, NULL, 'Alvorada', '', '', '0000-00-00', 1, '(44) 44444-4444', '', '', NULL, 2, 26, 26, '2025-01-20', 1),
(30, '325678-9', 'thithi', 'gsdgsdgdfg', '2025-01-20', '2025-01-20', 1, 1, 3153, 'gsdggsdgsg', 'tgtddrhdg', 1, '123.456.789-00', '1.234.567-8', '43645353454', '2025-01-20', 7, 5, '16016-010', 'Rua Ara&ccedil;atuba', 34, NULL, 'Alvorada', '', '', '0000-00-00', 1, '(12) 32132-1131', '', '', NULL, 1, 26, 1, '2025-01-20', 1);

-- --------------------------------------------------------

--
-- Estrutura da tabela `p1cursos`
--

CREATE TABLE `p1cursos` (
  `id_curso` int(3) NOT NULL,
  `id_p1` int(6) NOT NULL,
  `NomeCurso` varchar(100) NOT NULL,
  `AnoConclusao` text DEFAULT NULL
) ENGINE=InnoDB DEFAULT CHARSET=utf8mb4 COLLATE=utf8mb4_general_ci;

--
-- Extraindo dados da tabela `p1cursos`
--

INSERT INTO `p1cursos` (`id_curso`, `id_p1`, `NomeCurso`, `AnoConclusao`) VALUES
(7, 26, 'Ingles avan&ccedil;ado', '2016'),
(8, 30, 'Java', '2016');

-- --------------------------------------------------------

--
-- Estrutura da tabela `p1filhos`
--

CREATE TABLE `p1filhos` (
  `id_filho` int(3) NOT NULL,
  `id_p1` int(6) DEFAULT NULL,
  `NomeFilho` varchar(55) DEFAULT NULL,
  `DtNascimento` date DEFAULT NULL,
  `Id_Sexo` int(1) DEFAULT NULL
) ENGINE=InnoDB DEFAULT CHARSET=utf8mb4 COLLATE=utf8mb4_general_ci;

--
-- Extraindo dados da tabela `p1filhos`
--

INSERT INTO `p1filhos` (`id_filho`, `id_p1`, `NomeFilho`, `DtNascimento`, `Id_Sexo`) VALUES
(1, 25, 'rick', '2025-01-08', 1),
(2, 26, 'Carlito', '2025-01-06', 1),
(3, 30, 'ed', '2025-01-20', 1);

-- --------------------------------------------------------

--
-- Estrutura da tabela `p4_algemas`
--

CREATE TABLE `p4_algemas` (
  `idAlgemas` int(11) NOT NULL,
  `numerodeserie` varchar(30) NOT NULL,
  `numerodepatrimonio` varchar(11) DEFAULT NULL,
  `foto` varchar(255) DEFAULT NULL,
  `id_pm` int(2) NOT NULL
) ENGINE=InnoDB DEFAULT CHARSET=utf8mb4 COLLATE=utf8mb4_general_ci;

-- --------------------------------------------------------

--
-- Estrutura da tabela `p4_armas`
--

CREATE TABLE `p4_armas` (
  `idArmas` int(11) NOT NULL,
  `numerodeserie` varchar(30) NOT NULL,
  `numerodepatrimonio` varchar(11) DEFAULT NULL,
  `foto` varchar(255) DEFAULT NULL,
  `id_pm` int(2) NOT NULL
) ENGINE=InnoDB DEFAULT CHARSET=utf8mb4 COLLATE=utf8mb4_general_ci;

-- --------------------------------------------------------

--
-- Estrutura da tabela `p4_cartucho_taser`
--

CREATE TABLE `p4_cartucho_taser` (
  `idCartuchos` int(2) NOT NULL,
  `numerodeserie` varchar(30) NOT NULL,
  `id_taser` int(11) NOT NULL
) ENGINE=InnoDB DEFAULT CHARSET=utf8mb4 COLLATE=utf8mb4_general_ci;

-- --------------------------------------------------------

--
-- Estrutura da tabela `p4_coletes`
--

CREATE TABLE `p4_coletes` (
  `idColetes` int(11) NOT NULL,
  `idTipoTamanho` int(2) NOT NULL,
  `idMarca` int(2) NOT NULL,
  `numerodeserie` varchar(30) NOT NULL,
  `numerodepatrimonio` varchar(11) DEFAULT NULL,
  `validade` date NOT NULL,
  `foto` varchar(255) DEFAULT NULL,
  `id_pm` int(2) NOT NULL
) ENGINE=InnoDB DEFAULT CHARSET=utf8mb4 COLLATE=utf8mb4_general_ci;

-- --------------------------------------------------------

--
-- Estrutura da tabela `p4_complemento`
--

CREATE TABLE `p4_complemento` (
  `idComplemento` int(2) NOT NULL,
  `descricaocomplemento` varchar(50) NOT NULL
) ENGINE=InnoDB DEFAULT CHARSET=utf8mb4 COLLATE=utf8mb4_general_ci;

--
-- Extraindo dados da tabela `p4_complemento`
--

INSERT INTO `p4_complemento` (`idComplemento`, `descricaocomplemento`) VALUES
(1, 'Sdv'),
(2, 'Sargenteação'),
(3, 'Sjd'),
(4, 'P4'),
(5, 'Telemática'),
(6, 'Mediação'),
(7, 'Cozinha'),
(8, 'Preleção'),
(9, 'Proerd'),
(10, 'Sub Comandante'),
(11, 'Alojamento Feminino'),
(12, 'Alojamento 01 CB/SD'),
(13, 'Alojamento Suten/Sgt'),
(14, 'Comandante'),
(15, 'Alojamento 02 CB/SD'),
(16, 'Banheiro Feminino'),
(17, 'Banheiro Masculino'),
(18, 'Dispensa'),
(19, 'Cozinha Externa'),
(20, 'Informática'),
(21, 'Brinquedoteca'),
(22, 'Arquivo'),
(23, 'Sala Externa'),
(24, 'Sala Interna'),
(25, 'Refeitório'),
(26, 'Alojamento'),
(27, 'Hall'),
(28, 'Biblioteca'),
(29, 'Galpão'),
(30, 'Banheiro Externo');

-- --------------------------------------------------------

--
-- Estrutura da tabela `p4_ht`
--

CREATE TABLE `p4_ht` (
  `idHts` int(2) NOT NULL,
  `numerodeserie` varchar(30) NOT NULL,
  `numerodepatrimonio` varchar(11) DEFAULT NULL,
  `idMarca` int(2) NOT NULL,
  `estado` int(2) NOT NULL
) ENGINE=InnoDB DEFAULT CHARSET=utf8mb4 COLLATE=utf8mb4_general_ci;

-- --------------------------------------------------------

--
-- Estrutura da tabela `p4_inventario`
--

CREATE TABLE `p4_inventario` (
  `id` int(2) NOT NULL,
  `numeropatrimonio` varchar(30) DEFAULT NULL,
  `qtde` int(2) DEFAULT NULL,
  `idLocComp` int(2) NOT NULL,
  `idStatus` int(2) NOT NULL
) ENGINE=InnoDB DEFAULT CHARSET=utf8mb4 COLLATE=utf8mb4_general_ci;

-- --------------------------------------------------------

--
-- Estrutura da tabela `p4_local`
--

CREATE TABLE `p4_local` (
  `idLocal` int(2) NOT NULL,
  `descricaolocal` varchar(30) NOT NULL
) ENGINE=InnoDB DEFAULT CHARSET=utf8mb4 COLLATE=utf8mb4_general_ci;

--
-- Extraindo dados da tabela `p4_local`
--

INSERT INTO `p4_local` (`idLocal`, `descricaolocal`) VALUES
(1, 'Sede'),
(2, 'Bcs Jussara'),
(3, 'Bcs Hilda Mandarino'),
(4, 'Bcs São José');

-- --------------------------------------------------------

--
-- Estrutura da tabela `p4_localcomplemento`
--

CREATE TABLE `p4_localcomplemento` (
  `idLocComp` int(2) NOT NULL,
  `idLocal` int(2) NOT NULL,
  `idComplemento` int(2) NOT NULL
) ENGINE=InnoDB DEFAULT CHARSET=utf8mb4 COLLATE=utf8mb4_general_ci;

--
-- Extraindo dados da tabela `p4_localcomplemento`
--

INSERT INTO `p4_localcomplemento` (`idLocComp`, `idLocal`, `idComplemento`) VALUES
(1, 1, 1),
(2, 1, 2),
(3, 1, 3),
(4, 1, 4),
(5, 1, 5),
(6, 1, 6),
(7, 1, 7),
(8, 1, 8),
(9, 1, 9),
(10, 1, 10),
(11, 1, 11),
(12, 1, 12),
(13, 1, 13),
(14, 1, 14),
(15, 1, 15),
(16, 2, 1),
(17, 2, 7),
(18, 2, 16),
(19, 2, 17),
(20, 2, 20),
(21, 2, 21),
(22, 2, 22),
(23, 2, 23),
(24, 2, 24),
(25, 2, 25),
(26, 2, 26),
(27, 2, 27),
(28, 3, 1),
(29, 3, 7),
(30, 3, 14),
(31, 3, 16),
(32, 3, 17),
(33, 3, 22),
(34, 3, 23),
(35, 3, 24),
(36, 3, 26),
(37, 3, 28),
(38, 3, 29),
(39, 4, 1),
(40, 4, 7),
(41, 4, 11),
(42, 4, 12),
(43, 4, 14),
(44, 4, 20),
(45, 4, 21),
(46, 4, 30);

-- --------------------------------------------------------

--
-- Estrutura da tabela `p4_marcas`
--

CREATE TABLE `p4_marcas` (
  `idMarca` int(2) NOT NULL,
  `marca` varchar(50) NOT NULL
) ENGINE=InnoDB DEFAULT CHARSET=utf8mb4 COLLATE=utf8mb4_general_ci;

--
-- Extraindo dados da tabela `p4_marcas`
--

INSERT INTO `p4_marcas` (`idMarca`, `marca`) VALUES
(1, 'Taurus'),
(2, 'Imbel'),
(3, 'Fn'),
(4, 'Cbc'),
(5, 'Glock'),
(6, 'Cbc'),
(7, 'Sw'),
(8, 'Imbel'),
(9, 'Condor'),
(10, 'Chevrolet'),
(11, 'Ford'),
(12, 'Volkswagen'),
(13, 'Honda'),
(14, 'Yamaha'),
(15, 'Fiat'),
(16, 'Toyota'),
(17, 'Peugot'),
(18, 'Renault'),
(19, 'Citroem'),
(20, 'Mercedes'),
(21, 'Mitisubishi'),
(22, 'Triumphy'),
(23, 'Harley Daivdson'),
(24, 'Bmw'),
(25, 'Nissan'),
(26, 'Motorolla'),
(27, 'Haris'),
(28, 'Sansung'),
(29, 'Xiaomi'),
(30, 'Inbraterrestre'),
(32, 'Rossi'),
(33, 'Axon');

-- --------------------------------------------------------

--
-- Estrutura da tabela `p4_modalidades`
--

CREATE TABLE `p4_modalidades` (
  `idModalidades` int(1) NOT NULL,
  `modalidade` varchar(50) NOT NULL
) ENGINE=InnoDB DEFAULT CHARSET=utf8mb4 COLLATE=utf8mb4_general_ci;

--
-- Extraindo dados da tabela `p4_modalidades`
--

INSERT INTO `p4_modalidades` (`idModalidades`, `modalidade`) VALUES
(1, 'Radio-Patrulhamento'),
(2, 'Rpm / Trânsito'),
(3, 'Dejem'),
(4, 'Pvs'),
(5, 'Bcm'),
(6, 'Escolar'),
(7, 'Apoio'),
(8, 'Adm');

-- --------------------------------------------------------

--
-- Estrutura da tabela `p4_modelos`
--

CREATE TABLE `p4_modelos` (
  `idModelo` int(2) NOT NULL,
  `modelo` varchar(50) NOT NULL,
  `Qtde` int(11) NOT NULL,
  `idMarca` int(2) DEFAULT NULL,
  `idTipo` int(2) NOT NULL
) ENGINE=InnoDB DEFAULT CHARSET=utf8mb4 COLLATE=utf8mb4_general_ci;

--
-- Extraindo dados da tabela `p4_modelos`
--

INSERT INTO `p4_modelos` (`idModelo`, `modelo`, `Qtde`, `idMarca`, `idTipo`) VALUES
(1, 'Pistola', 150, 1, 20),
(2, 'Pistola', 150, 5, 20),
(3, 'Fuzil Designado', 150, 2, 20),
(4, 'Fuzil Designado', 150, 3, 20),
(5, 'Fuzil Assalto', 150, 2, 20),
(6, 'Fuzil Assalto', 150, 3, 20),
(7, 'Carabina', 150, 1, 20),
(8, 'Carabina', 150, 2, 20),
(9, 'Carabina', 150, 4, 20),
(10, 'Metralhadora', 150, 2, 20),
(11, 'Lançador', 150, 9, 20),
(12, '.40 SW', 5000, 6, 21),
(13, '.40 SW', 5000, 7, 21),
(14, '.40 SW', 5000, 8, 21),
(15, '7.62x51mm', 0, 6, 21),
(16, '7.62x51mm', 0, 7, 21),
(17, '7.62x51mm', 0, 8, 21),
(18, '5.56x45mm', 90, 6, 21),
(19, '5.56x45mm', 90, 7, 21),
(20, '5.56x45mm', 90, 8, 21),
(21, '308 REM', 0, 6, 21),
(22, '308 REM', 0, 7, 21),
(23, '308 REM', 0, 8, 21),
(24, '.30mm', 0, 6, 21),
(25, '.30mm', 0, 7, 21),
(26, '.30mm', 0, 8, 21),
(27, 'GL308', 0, 9, 21),
(28, 'GL307', 0, 9, 21),
(29, 'GL305', 0, 9, 21),
(30, 'GL304', 0, 9, 21),
(31, 'GL300T', 0, 9, 21),
(32, 'GL311', 0, 9, 21),
(33, 'GL310', 0, 9, 21),
(34, 'GL309', 0, 9, 21),
(35, 'GL302', 0, 9, 21),
(36, 'GL300TH', 10, 9, 21),
(37, 'AM403P', 50, 9, 21),
(38, 'GL203L', 0, 9, 21),
(39, 'GL203T', 0, 9, 21),
(40, 'GL202', 0, 9, 21),
(41, 'Spin', 12, 10, 22),
(42, 'Trailblazer', 0, 10, 22),
(43, 'Blazer', 0, 10, 22),
(44, 'Vectra', 0, 10, 22),
(45, 'Astra', 0, 10, 22),
(46, 'Corsa', 0, 10, 22),
(47, 'S10', 0, 10, 22),
(48, 'Astra', 0, 10, 22),
(49, 'Ranger', 1, 11, 22),
(50, 'Parati', 0, 12, 22),
(51, 'Spacefox', 0, 12, 22),
(52, 'Gol', 0, 12, 22),
(53, 'Kombi', 0, 12, 22),
(54, 'Polo', 0, 12, 22),
(55, 'Civic', 0, 13, 22),
(56, 'XRE', 8, 13, 22),
(57, 'Sahara', 0, 13, 22),
(58, 'Lander', 4, 14, 22),
(59, 'XT 660', 0, 14, 22),
(60, 'Palio Adventure', 0, 15, 22),
(61, 'Palio Weekend', 1, 15, 22),
(62, 'Tiger', 0, 22, 22),
(63, 'Ducato', 0, 15, 22),
(64, 'Africa Twin', 0, 13, 22),
(65, 'Fat Bob', 0, 23, 22),
(66, 'Yaris', 1, 16, 22),
(67, 'Corolla', 0, 16, 22),
(68, 'Corolla Cross', 1, 16, 22),
(69, 'Hilux SW', 0, 16, 22),
(70, 'SW4', 0, 16, 22),
(71, 'L200', 0, 21, 22),
(72, 'Pajero', 0, 21, 22),
(73, 'F800', 0, 24, 22),
(74, 'Sprinter', 1, 20, 22),
(75, 'Duster', 3, 18, 22),
(76, 'A20', 16, 28, 23),
(77, 'A30', 4, 28, 23);

-- --------------------------------------------------------

--
-- Estrutura da tabela `p4_municoes`
--

CREATE TABLE `p4_municoes` (
  `idMunicoes` int(2) NOT NULL,
  `idMarca` int(2) NOT NULL,
  `lote` varchar(15) DEFAULT NULL,
  `dataEntrega` date NOT NULL,
  `quantidade` int(11) NOT NULL,
  `idtipoCalibre` int(2) NOT NULL,
  `id_pm` int(11) NOT NULL
) ENGINE=InnoDB DEFAULT CHARSET=utf8mb4 COLLATE=utf8mb4_general_ci;

-- --------------------------------------------------------

--
-- Estrutura da tabela `p4_status`
--

CREATE TABLE `p4_status` (
  `idStatus` int(2) NOT NULL,
  `estado` varchar(10) NOT NULL
) ENGINE=InnoDB DEFAULT CHARSET=utf8mb4 COLLATE=utf8mb4_general_ci;

--
-- Extraindo dados da tabela `p4_status`
--

INSERT INTO `p4_status` (`idStatus`, `estado`) VALUES
(1, 'Operando'),
(2, 'Baixado'),
(3, 'Descarga');

-- --------------------------------------------------------

--
-- Estrutura da tabela `p4_tamanhos`
--

CREATE TABLE `p4_tamanhos` (
  `idTamanhos` int(2) NOT NULL,
  `descricao` varchar(50) NOT NULL
) ENGINE=InnoDB DEFAULT CHARSET=utf8mb4 COLLATE=utf8mb4_general_ci;

--
-- Extraindo dados da tabela `p4_tamanhos`
--

INSERT INTO `p4_tamanhos` (`idTamanhos`, `descricao`) VALUES
(1, 'PP-ESTREITO'),
(2, 'PP-PADRAO'),
(3, 'PP-LARGO'),
(4, 'P-ESTREITO'),
(5, 'P-PADRAO'),
(6, 'P-LARGO'),
(7, 'M-ESTREITO'),
(8, 'M-PADRAO'),
(9, 'M-LARGO'),
(10, 'G-ESTREITO'),
(11, 'G-PADRAO'),
(12, 'G-LARGO'),
(13, 'GG-ESTREITO'),
(14, 'GG-PADRAO'),
(15, 'GG-LARGO'),
(16, '50'),
(17, '51'),
(18, '52'),
(19, '53'),
(20, '54'),
(21, '55'),
(22, '56'),
(23, '57'),
(24, '58'),
(25, '59'),
(26, '60'),
(27, '61'),
(28, '62'),
(29, '63'),
(30, '64'),
(31, 'PP'),
(32, 'P'),
(33, 'M'),
(34, 'G'),
(35, 'GG'),
(36, 'G1'),
(37, 'G2'),
(38, 'G3'),
(39, '34'),
(40, '36'),
(41, '38'),
(42, '40'),
(43, '42'),
(44, '44'),
(45, '46'),
(46, '48'),
(47, '50'),
(48, '52'),
(49, '54'),
(50, '56'),
(51, '58'),
(52, '60'),
(53, '33'),
(54, '34'),
(55, '35'),
(56, '36'),
(57, '37'),
(58, '38'),
(59, '39'),
(60, '40'),
(61, '41'),
(62, '42'),
(63, '43'),
(64, '44'),
(65, '45'),
(66, '46'),
(67, '47'),
(68, '48'),
(69, '1,1'),
(70, '1,2'),
(71, '1,3'),
(72, '1,4'),
(73, '1,5'),
(74, '1,6'),
(75, '1,7'),
(76, '1,8'),
(77, '1,9'),
(78, 'DESTRO'),
(79, 'CANHOTO');

-- --------------------------------------------------------

--
-- Estrutura da tabela `p4_taser`
--

CREATE TABLE `p4_taser` (
  `id` int(2) NOT NULL,
  `numerodeserie` varchar(30) NOT NULL,
  `numerodepatrimonio` varchar(11) DEFAULT NULL,
  `estado` int(2) NOT NULL
) ENGINE=InnoDB DEFAULT CHARSET=utf8mb4 COLLATE=utf8mb4_general_ci;

-- --------------------------------------------------------

--
-- Estrutura da tabela `p4_tipos`
--

CREATE TABLE `p4_tipos` (
  `id` int(2) NOT NULL,
  `descricao` varchar(25) NOT NULL
) ENGINE=InnoDB DEFAULT CHARSET=utf8mb4 COLLATE=utf8mb4_general_ci;

--
-- Extraindo dados da tabela `p4_tipos`
--

INSERT INTO `p4_tipos` (`id`, `descricao`) VALUES
(1, 'Colete'),
(2, 'Capa Colete'),
(3, 'Casquete'),
(4, 'Quepe'),
(5, 'Boina'),
(6, 'Touca'),
(7, 'Camiseta'),
(8, 'Short'),
(9, 'Refletivo'),
(10, 'Gandola'),
(11, 'Camisa'),
(12, 'Calça'),
(13, 'Japona'),
(14, 'Sapato'),
(15, 'Coturno'),
(16, 'Cinto'),
(17, 'Cinturão'),
(18, 'Coldre'),
(19, 'Fiel_Retr'),
(20, 'Armas'),
(21, 'Municoes'),
(22, 'Viaturas'),
(23, 'Tpd'),
(24, 'Ht'),
(25, 'Algemas');

-- --------------------------------------------------------

--
-- Estrutura da tabela `p4_tipotamanho`
--

CREATE TABLE `p4_tipotamanho` (
  `id` int(2) NOT NULL,
  `idTipo` int(2) NOT NULL,
  `idTamanho` int(2) NOT NULL
) ENGINE=InnoDB DEFAULT CHARSET=utf8mb4 COLLATE=utf8mb4_general_ci;

--
-- Extraindo dados da tabela `p4_tipotamanho`
--

INSERT INTO `p4_tipotamanho` (`id`, `idTipo`, `idTamanho`) VALUES
(1, 1, 1),
(2, 1, 2),
(3, 1, 3),
(4, 1, 4),
(5, 1, 5),
(6, 1, 6),
(7, 1, 7),
(8, 1, 8),
(9, 1, 9),
(10, 1, 10),
(11, 1, 11),
(12, 1, 12),
(13, 1, 13),
(14, 1, 14),
(15, 1, 15),
(16, 2, 1),
(17, 2, 2),
(18, 2, 3),
(19, 2, 4),
(20, 2, 5),
(21, 2, 6),
(22, 2, 7),
(23, 2, 8),
(24, 2, 9),
(25, 2, 10),
(26, 2, 11),
(27, 2, 12),
(28, 2, 13),
(29, 2, 14),
(30, 2, 15),
(31, 3, 16),
(32, 3, 17),
(33, 3, 18),
(34, 3, 19),
(35, 3, 20),
(36, 3, 21),
(37, 3, 22),
(38, 3, 23),
(39, 3, 24),
(40, 3, 25),
(41, 3, 26),
(42, 3, 27),
(43, 3, 28),
(44, 3, 29),
(45, 3, 30),
(46, 4, 16),
(47, 4, 17),
(48, 4, 18),
(49, 4, 19),
(50, 4, 20),
(51, 4, 21),
(52, 4, 22),
(53, 4, 23),
(54, 4, 24),
(55, 4, 25),
(56, 4, 26),
(57, 4, 27),
(58, 4, 28),
(59, 4, 29),
(60, 4, 30),
(61, 5, 16),
(62, 5, 17),
(63, 5, 18),
(64, 5, 19),
(65, 5, 20),
(66, 5, 21),
(67, 5, 22),
(68, 5, 23),
(69, 5, 24),
(70, 5, 25),
(71, 5, 26),
(72, 5, 27),
(73, 5, 28),
(74, 5, 29),
(75, 5, 30),
(76, 6, 16),
(77, 6, 17),
(78, 6, 18),
(79, 6, 19),
(80, 6, 20),
(81, 6, 21),
(82, 6, 22),
(83, 6, 23),
(84, 6, 24),
(85, 6, 25),
(86, 6, 26),
(87, 6, 27),
(88, 6, 28),
(89, 6, 29),
(90, 6, 30),
(91, 7, 31),
(92, 7, 32),
(93, 7, 33),
(94, 7, 34),
(95, 7, 35),
(96, 7, 36),
(97, 7, 37),
(98, 7, 38),
(99, 8, 31),
(100, 8, 32),
(101, 8, 33),
(102, 8, 34),
(103, 8, 35),
(104, 8, 36),
(105, 8, 37),
(106, 8, 38),
(107, 9, 31),
(108, 9, 32),
(109, 9, 33),
(110, 9, 34),
(111, 9, 35),
(112, 9, 36),
(113, 9, 37),
(114, 9, 38),
(115, 10, 39),
(116, 10, 40),
(117, 10, 41),
(118, 10, 42),
(119, 10, 43),
(120, 10, 44),
(121, 10, 45),
(122, 10, 46),
(123, 10, 47),
(124, 10, 48),
(125, 10, 49),
(126, 10, 50),
(127, 10, 51),
(128, 10, 52),
(129, 11, 39),
(130, 11, 40),
(131, 11, 41),
(132, 11, 42),
(133, 11, 43),
(134, 11, 44),
(135, 11, 45),
(136, 11, 46),
(137, 11, 47),
(138, 11, 48),
(139, 11, 49),
(140, 11, 50),
(141, 11, 51),
(142, 11, 52),
(143, 12, 39),
(144, 12, 40),
(145, 12, 41),
(146, 12, 42),
(147, 12, 43),
(148, 12, 44),
(149, 12, 45),
(150, 12, 46),
(151, 12, 47),
(152, 12, 48),
(153, 12, 49),
(154, 12, 50),
(155, 12, 51),
(156, 12, 52),
(157, 13, 39),
(158, 13, 40),
(159, 13, 41),
(160, 13, 42),
(161, 13, 43),
(162, 13, 44),
(163, 13, 45),
(164, 13, 46),
(165, 13, 47),
(166, 13, 48),
(167, 13, 49),
(168, 13, 50),
(169, 13, 51),
(170, 13, 52),
(171, 14, 53),
(172, 14, 54),
(173, 14, 55),
(174, 14, 56),
(175, 14, 57),
(176, 14, 58),
(177, 14, 59),
(178, 14, 60),
(179, 14, 61),
(180, 14, 62),
(181, 14, 63),
(182, 14, 64),
(183, 14, 65),
(184, 14, 66),
(185, 14, 67),
(186, 14, 68),
(187, 15, 53),
(188, 15, 54),
(189, 15, 55),
(190, 15, 56),
(191, 15, 57),
(192, 15, 58),
(193, 15, 59),
(194, 15, 60),
(195, 15, 61),
(196, 15, 62),
(197, 15, 63),
(198, 15, 64),
(199, 15, 65),
(200, 15, 66),
(201, 15, 67),
(202, 15, 68),
(203, 16, 69),
(204, 16, 70),
(205, 16, 71),
(206, 16, 72),
(207, 16, 73),
(208, 16, 74),
(209, 16, 75),
(210, 16, 76),
(211, 16, 77),
(212, 17, 69),
(213, 17, 70),
(214, 17, 71),
(215, 17, 72),
(216, 17, 73),
(217, 17, 74),
(218, 17, 75),
(219, 17, 76),
(220, 17, 77),
(221, 18, 78),
(222, 18, 79),
(223, 19, 78),
(224, 19, 79);

-- --------------------------------------------------------

--
-- Estrutura da tabela `p4_tpd`
--

CREATE TABLE `p4_tpd` (
  `idTpd` int(11) NOT NULL,
  `numerodeserie` varchar(30) NOT NULL,
  `numerodepatrimonio` varchar(11) DEFAULT NULL,
  `idMarca` int(2) NOT NULL,
  `estado` int(2) NOT NULL
) ENGINE=InnoDB DEFAULT CHARSET=utf8mb4 COLLATE=utf8mb4_general_ci;

-- --------------------------------------------------------

--
-- Estrutura da tabela `p4_viaturas`
--

CREATE TABLE `p4_viaturas` (
  `idViaturas` int(11) NOT NULL,
  `idModelo` int(2) NOT NULL,
  `placa` varchar(8) NOT NULL,
  `numerodeserie` varchar(30) NOT NULL,
  `numerodepatrimonio` varchar(11) DEFAULT NULL,
  `estado` int(2) NOT NULL,
  `kmbaixa` int(11) NOT NULL,
  `kmapto` int(11) NOT NULL,
  `motivobaixa` longtext NOT NULL,
  `modalidade` int(1) NOT NULL
) ENGINE=InnoDB DEFAULT CHARSET=utf8mb4 COLLATE=utf8mb4_general_ci;

-- --------------------------------------------------------

--
-- Estrutura da tabela `permissoes`
--

CREATE TABLE `permissoes` (
  `id_permissao` int(11) NOT NULL,
  `id_pm` int(11) NOT NULL,
  `permissao` int(11) NOT NULL DEFAULT 0
) ENGINE=InnoDB DEFAULT CHARSET=utf8mb4 COLLATE=utf8mb4_general_ci;

--
-- Extraindo dados da tabela `permissoes`
--

INSERT INTO `permissoes` (`id_permissao`, `id_pm`, `permissao`) VALUES
(1, 7, 0),
(2, 8, 5),
(3, 10, 0),
(4, 11, 5),
(5, 12, 0),
(6, 13, 0),
(7, 14, 0),
(8, 15, 0),
(9, 16, 0),
(10, 17, 0),
(11, 18, 0),
(12, 19, 0),
(13, 20, 0),
(14, 21, 0),
(15, 22, 0),
(16, 24, 0),
(17, 25, 0),
(18, 26, 0),
(19, 27, 0),
(20, 28, 0),
(21, 29, 0),
(22, 30, 0);

-- --------------------------------------------------------

--
-- Estrutura da tabela `sexo`
--

CREATE TABLE `sexo` (
  `id` int(1) NOT NULL,
  `Descricao` varchar(20) NOT NULL
) ENGINE=InnoDB DEFAULT CHARSET=utf8mb4 COLLATE=utf8mb4_general_ci;

--
-- Extraindo dados da tabela `sexo`
--

INSERT INTO `sexo` (`id`, `Descricao`) VALUES
(1, 'Masculino'),
(2, 'Feminino'),
(3, 'Prefiro nao informar'),
(4, 'outros');

-- --------------------------------------------------------

--
-- Estrutura da tabela `tiposanguineo`
--

CREATE TABLE `tiposanguineo` (
  `id` int(1) NOT NULL,
  `tipo` varchar(3) NOT NULL
) ENGINE=InnoDB DEFAULT CHARSET=utf8mb4 COLLATE=utf8mb4_general_ci;

--
-- Extraindo dados da tabela `tiposanguineo`
--

INSERT INTO `tiposanguineo` (`id`, `tipo`) VALUES
(1, 'A+'),
(2, 'A-'),
(3, 'B+'),
(4, 'B-'),
(5, 'AB+'),
(6, 'AB-'),
(7, 'O+'),
(8, 'O-');

--
-- Índices para tabelas despejadas
--

--
-- Índices para tabela `categoriacnh`
--
ALTER TABLE `categoriacnh`
  ADD PRIMARY KEY (`id`);

--
-- Índices para tabela `cidades`
--
ALTER TABLE `cidades`
  ADD PRIMARY KEY (`id`),
  ADD KEY `fk_cidades_estados` (`id_estado`);

--
-- Índices para tabela `descricaopermissao`
--
ALTER TABLE `descricaopermissao`
  ADD PRIMARY KEY (`id_permissao`);

--
-- Índices para tabela `estadocivil`
--
ALTER TABLE `estadocivil`
  ADD PRIMARY KEY (`id`);

--
-- Índices para tabela `estados`
--
ALTER TABLE `estados`
  ADD PRIMARY KEY (`id`);

--
-- Índices para tabela `graduacao`
--
ALTER TABLE `graduacao`
  ADD PRIMARY KEY (`id`);

--
-- Índices para tabela `logradouro`
--
ALTER TABLE `logradouro`
  ADD PRIMARY KEY (`id`);

--
-- Índices para tabela `p1`
--
ALTER TABLE `p1`
  ADD PRIMARY KEY (`id`),
  ADD UNIQUE KEY `RE` (`RE`),
  ADD KEY `fk_p1_cidadenatal` (`Id_CidadeNatal`),
  ADD KEY `fk_p1_cidadeendereco` (`Id_CidadeEndereco`),
  ADD KEY `fk_p1_logradouro` (`Id_Logradouro`),
  ADD KEY `fk_p1_categoriaCNH` (`Id_CategoriaCNH`),
  ADD KEY `fk_p1_estadocivil` (`Id_EstadoCivil`),
  ADD KEY `fk_p1_tiposanguineo` (`Id_TipoSanguineo`),
  ADD KEY `fk_p1_satcnh` (`Id_SATCNH`),
  ADD KEY `fk_p1_sexo` (`Id_Sexo`),
  ADD KEY `Id_graduacao` (`Id_graduacao`),
  ADD KEY `Id_estadoNatal` (`Id_estadoNatal`),
  ADD KEY `Id_estadoAtual` (`Id_estadoAtual`);

--
-- Índices para tabela `p1cursos`
--
ALTER TABLE `p1cursos`
  ADD PRIMARY KEY (`id_curso`),
  ADD KEY `fk_curso_p1` (`id_p1`);

--
-- Índices para tabela `p1filhos`
--
ALTER TABLE `p1filhos`
  ADD PRIMARY KEY (`id_filho`),
  ADD KEY `fk_filho_p1` (`id_p1`),
  ADD KEY `fk_filho_sexo` (`Id_Sexo`);

--
-- Índices para tabela `p4_algemas`
--
ALTER TABLE `p4_algemas`
  ADD PRIMARY KEY (`idAlgemas`),
  ADD KEY `id_pm` (`id_pm`);

--
-- Índices para tabela `p4_armas`
--
ALTER TABLE `p4_armas`
  ADD PRIMARY KEY (`idArmas`),
  ADD KEY `id_pm` (`id_pm`);

--
-- Índices para tabela `p4_cartucho_taser`
--
ALTER TABLE `p4_cartucho_taser`
  ADD PRIMARY KEY (`idCartuchos`),
  ADD KEY `id_taser` (`id_taser`);

--
-- Índices para tabela `p4_coletes`
--
ALTER TABLE `p4_coletes`
  ADD PRIMARY KEY (`idColetes`),
  ADD KEY `id_pm` (`id_pm`),
  ADD KEY `fk_idTipoTamanho` (`idTipoTamanho`),
  ADD KEY `idMarca` (`idMarca`);

--
-- Índices para tabela `p4_complemento`
--
ALTER TABLE `p4_complemento`
  ADD PRIMARY KEY (`idComplemento`);

--
-- Índices para tabela `p4_ht`
--
ALTER TABLE `p4_ht`
  ADD PRIMARY KEY (`idHts`),
  ADD KEY `estado` (`estado`),
  ADD KEY `idMarca` (`idMarca`);

--
-- Índices para tabela `p4_inventario`
--
ALTER TABLE `p4_inventario`
  ADD PRIMARY KEY (`id`),
  ADD KEY `idLocComp` (`idLocComp`),
  ADD KEY `idStatus` (`idStatus`);

--
-- Índices para tabela `p4_local`
--
ALTER TABLE `p4_local`
  ADD PRIMARY KEY (`idLocal`);

--
-- Índices para tabela `p4_localcomplemento`
--
ALTER TABLE `p4_localcomplemento`
  ADD PRIMARY KEY (`idLocComp`),
  ADD KEY `idLocal` (`idLocal`),
  ADD KEY `idComplemento` (`idComplemento`);

--
-- Índices para tabela `p4_marcas`
--
ALTER TABLE `p4_marcas`
  ADD PRIMARY KEY (`idMarca`);

--
-- Índices para tabela `p4_modalidades`
--
ALTER TABLE `p4_modalidades`
  ADD PRIMARY KEY (`idModalidades`);

--
-- Índices para tabela `p4_modelos`
--
ALTER TABLE `p4_modelos`
  ADD PRIMARY KEY (`idModelo`),
  ADD KEY `idMarca` (`idMarca`),
  ADD KEY `p4_modelos_ibfk_2` (`idTipo`);

--
-- Índices para tabela `p4_municoes`
--
ALTER TABLE `p4_municoes`
  ADD PRIMARY KEY (`idMunicoes`),
  ADD KEY `id_pm` (`id_pm`),
  ADD KEY `idMarca` (`idMarca`);

--
-- Índices para tabela `p4_status`
--
ALTER TABLE `p4_status`
  ADD PRIMARY KEY (`idStatus`);

--
-- Índices para tabela `p4_tamanhos`
--
ALTER TABLE `p4_tamanhos`
  ADD PRIMARY KEY (`idTamanhos`);

--
-- Índices para tabela `p4_taser`
--
ALTER TABLE `p4_taser`
  ADD PRIMARY KEY (`id`);

--
-- Índices para tabela `p4_tipos`
--
ALTER TABLE `p4_tipos`
  ADD PRIMARY KEY (`id`);

--
-- Índices para tabela `p4_tipotamanho`
--
ALTER TABLE `p4_tipotamanho`
  ADD PRIMARY KEY (`id`),
  ADD KEY `fk_tipo` (`idTipo`),
  ADD KEY `fk_tamanho` (`idTamanho`);

--
-- Índices para tabela `p4_tpd`
--
ALTER TABLE `p4_tpd`
  ADD PRIMARY KEY (`idTpd`),
  ADD KEY `estado` (`estado`),
  ADD KEY `idMarca` (`idMarca`);

--
-- Índices para tabela `p4_viaturas`
--
ALTER TABLE `p4_viaturas`
  ADD PRIMARY KEY (`idViaturas`),
  ADD KEY `estado` (`estado`),
  ADD KEY `modalidade` (`modalidade`),
  ADD KEY `idModelo` (`idModelo`);

--
-- Índices para tabela `permissoes`
--
ALTER TABLE `permissoes`
  ADD PRIMARY KEY (`id_permissao`),
  ADD KEY `permissao` (`permissao`),
  ADD KEY `id_pm` (`id_pm`);

--
-- Índices para tabela `sexo`
--
ALTER TABLE `sexo`
  ADD PRIMARY KEY (`id`);

--
-- Índices para tabela `tiposanguineo`
--
ALTER TABLE `tiposanguineo`
  ADD PRIMARY KEY (`id`);

--
-- AUTO_INCREMENT de tabelas despejadas
--

--
-- AUTO_INCREMENT de tabela `categoriacnh`
--
ALTER TABLE `categoriacnh`
  MODIFY `id` int(1) NOT NULL AUTO_INCREMENT, AUTO_INCREMENT=10;

--
-- AUTO_INCREMENT de tabela `cidades`
--
ALTER TABLE `cidades`
  MODIFY `id` int(5) NOT NULL AUTO_INCREMENT, AUTO_INCREMENT=3543;

--
-- AUTO_INCREMENT de tabela `descricaopermissao`
--
ALTER TABLE `descricaopermissao`
  MODIFY `id_permissao` int(11) NOT NULL AUTO_INCREMENT, AUTO_INCREMENT=6;

--
-- AUTO_INCREMENT de tabela `estadocivil`
--
ALTER TABLE `estadocivil`
  MODIFY `id` int(1) NOT NULL AUTO_INCREMENT, AUTO_INCREMENT=6;

--
-- AUTO_INCREMENT de tabela `estados`
--
ALTER TABLE `estados`
  MODIFY `id` int(2) NOT NULL AUTO_INCREMENT, AUTO_INCREMENT=28;

--
-- AUTO_INCREMENT de tabela `graduacao`
--
ALTER TABLE `graduacao`
  MODIFY `id` int(2) NOT NULL AUTO_INCREMENT, AUTO_INCREMENT=17;

--
-- AUTO_INCREMENT de tabela `logradouro`
--
ALTER TABLE `logradouro`
  MODIFY `id` int(2) NOT NULL AUTO_INCREMENT, AUTO_INCREMENT=6;

--
-- AUTO_INCREMENT de tabela `p1`
--
ALTER TABLE `p1`
  MODIFY `id` int(2) NOT NULL AUTO_INCREMENT, AUTO_INCREMENT=31;

--
-- AUTO_INCREMENT de tabela `p1cursos`
--
ALTER TABLE `p1cursos`
  MODIFY `id_curso` int(3) NOT NULL AUTO_INCREMENT, AUTO_INCREMENT=9;

--
-- AUTO_INCREMENT de tabela `p1filhos`
--
ALTER TABLE `p1filhos`
  MODIFY `id_filho` int(3) NOT NULL AUTO_INCREMENT, AUTO_INCREMENT=4;

--
-- AUTO_INCREMENT de tabela `p4_algemas`
--
ALTER TABLE `p4_algemas`
  MODIFY `idAlgemas` int(11) NOT NULL AUTO_INCREMENT;

--
-- AUTO_INCREMENT de tabela `p4_armas`
--
ALTER TABLE `p4_armas`
  MODIFY `idArmas` int(11) NOT NULL AUTO_INCREMENT;

--
-- AUTO_INCREMENT de tabela `p4_cartucho_taser`
--
ALTER TABLE `p4_cartucho_taser`
  MODIFY `idCartuchos` int(2) NOT NULL AUTO_INCREMENT;

--
-- AUTO_INCREMENT de tabela `p4_coletes`
--
ALTER TABLE `p4_coletes`
  MODIFY `idColetes` int(11) NOT NULL AUTO_INCREMENT;

--
-- AUTO_INCREMENT de tabela `p4_complemento`
--
ALTER TABLE `p4_complemento`
  MODIFY `idComplemento` int(2) NOT NULL AUTO_INCREMENT, AUTO_INCREMENT=31;

--
-- AUTO_INCREMENT de tabela `p4_ht`
--
ALTER TABLE `p4_ht`
  MODIFY `idHts` int(2) NOT NULL AUTO_INCREMENT;

--
-- AUTO_INCREMENT de tabela `p4_inventario`
--
ALTER TABLE `p4_inventario`
  MODIFY `id` int(2) NOT NULL AUTO_INCREMENT;

--
-- AUTO_INCREMENT de tabela `p4_local`
--
ALTER TABLE `p4_local`
  MODIFY `idLocal` int(2) NOT NULL AUTO_INCREMENT, AUTO_INCREMENT=5;

--
-- AUTO_INCREMENT de tabela `p4_localcomplemento`
--
ALTER TABLE `p4_localcomplemento`
  MODIFY `idLocComp` int(2) NOT NULL AUTO_INCREMENT, AUTO_INCREMENT=47;

--
-- AUTO_INCREMENT de tabela `p4_marcas`
--
ALTER TABLE `p4_marcas`
  MODIFY `idMarca` int(2) NOT NULL AUTO_INCREMENT, AUTO_INCREMENT=34;

--
-- AUTO_INCREMENT de tabela `p4_modalidades`
--
ALTER TABLE `p4_modalidades`
  MODIFY `idModalidades` int(1) NOT NULL AUTO_INCREMENT, AUTO_INCREMENT=9;

--
-- AUTO_INCREMENT de tabela `p4_modelos`
--
ALTER TABLE `p4_modelos`
  MODIFY `idModelo` int(2) NOT NULL AUTO_INCREMENT, AUTO_INCREMENT=78;

--
-- AUTO_INCREMENT de tabela `p4_municoes`
--
ALTER TABLE `p4_municoes`
  MODIFY `idMunicoes` int(2) NOT NULL AUTO_INCREMENT;

--
-- AUTO_INCREMENT de tabela `p4_status`
--
ALTER TABLE `p4_status`
  MODIFY `idStatus` int(2) NOT NULL AUTO_INCREMENT, AUTO_INCREMENT=4;

--
-- AUTO_INCREMENT de tabela `p4_tamanhos`
--
ALTER TABLE `p4_tamanhos`
  MODIFY `idTamanhos` int(2) NOT NULL AUTO_INCREMENT, AUTO_INCREMENT=80;

--
-- AUTO_INCREMENT de tabela `p4_taser`
--
ALTER TABLE `p4_taser`
  MODIFY `id` int(2) NOT NULL AUTO_INCREMENT;

--
-- AUTO_INCREMENT de tabela `p4_tipos`
--
ALTER TABLE `p4_tipos`
  MODIFY `id` int(2) NOT NULL AUTO_INCREMENT, AUTO_INCREMENT=26;

--
-- AUTO_INCREMENT de tabela `p4_tipotamanho`
--
ALTER TABLE `p4_tipotamanho`
  MODIFY `id` int(2) NOT NULL AUTO_INCREMENT, AUTO_INCREMENT=225;

--
-- AUTO_INCREMENT de tabela `p4_tpd`
--
ALTER TABLE `p4_tpd`
  MODIFY `idTpd` int(11) NOT NULL AUTO_INCREMENT;

--
-- AUTO_INCREMENT de tabela `p4_viaturas`
--
ALTER TABLE `p4_viaturas`
  MODIFY `idViaturas` int(11) NOT NULL AUTO_INCREMENT;

--
-- AUTO_INCREMENT de tabela `permissoes`
--
ALTER TABLE `permissoes`
  MODIFY `id_permissao` int(11) NOT NULL AUTO_INCREMENT, AUTO_INCREMENT=23;

--
-- AUTO_INCREMENT de tabela `sexo`
--
ALTER TABLE `sexo`
  MODIFY `id` int(1) NOT NULL AUTO_INCREMENT, AUTO_INCREMENT=7;

--
-- AUTO_INCREMENT de tabela `tiposanguineo`
--
ALTER TABLE `tiposanguineo`
  MODIFY `id` int(1) NOT NULL AUTO_INCREMENT, AUTO_INCREMENT=9;

--
-- Restrições para despejos de tabelas
--

--
-- Limitadores para a tabela `cidades`
--
ALTER TABLE `cidades`
  ADD CONSTRAINT `fk_cidades_estados` FOREIGN KEY (`id_estado`) REFERENCES `estados` (`id`);

--
-- Limitadores para a tabela `p1`
--
ALTER TABLE `p1`
  ADD CONSTRAINT `fk_p1_categoriaCNH` FOREIGN KEY (`Id_CategoriaCNH`) REFERENCES `categoriacnh` (`id`),
  ADD CONSTRAINT `fk_p1_cidadeendereco` FOREIGN KEY (`Id_CidadeEndereco`) REFERENCES `cidades` (`id`),
  ADD CONSTRAINT `fk_p1_cidadenatal` FOREIGN KEY (`Id_CidadeNatal`) REFERENCES `cidades` (`id`),
  ADD CONSTRAINT `fk_p1_estadocivil` FOREIGN KEY (`Id_EstadoCivil`) REFERENCES `estadocivil` (`id`),
  ADD CONSTRAINT `fk_p1_logradouro` FOREIGN KEY (`Id_Logradouro`) REFERENCES `logradouro` (`id`),
  ADD CONSTRAINT `fk_p1_satcnh` FOREIGN KEY (`Id_SATCNH`) REFERENCES `categoriacnh` (`id`),
  ADD CONSTRAINT `fk_p1_sexo` FOREIGN KEY (`Id_Sexo`) REFERENCES `sexo` (`id`),
  ADD CONSTRAINT `fk_p1_tiposanguineo` FOREIGN KEY (`Id_TipoSanguineo`) REFERENCES `tiposanguineo` (`id`),
  ADD CONSTRAINT `p1_ibfk_1` FOREIGN KEY (`Id_graduacao`) REFERENCES `graduacao` (`id`),
  ADD CONSTRAINT `p1_ibfk_2` FOREIGN KEY (`Id_estadoNatal`) REFERENCES `estados` (`id`),
  ADD CONSTRAINT `p1_ibfk_3` FOREIGN KEY (`Id_estadoAtual`) REFERENCES `estados` (`id`);

--
-- Limitadores para a tabela `p1cursos`
--
ALTER TABLE `p1cursos`
  ADD CONSTRAINT `fk_curso_p1` FOREIGN KEY (`id_p1`) REFERENCES `p1` (`id`);

--
-- Limitadores para a tabela `p1filhos`
--
ALTER TABLE `p1filhos`
  ADD CONSTRAINT `fk_filho_p1` FOREIGN KEY (`id_p1`) REFERENCES `p1` (`id`),
  ADD CONSTRAINT `fk_filho_sexo` FOREIGN KEY (`Id_Sexo`) REFERENCES `sexo` (`id`);

--
-- Limitadores para a tabela `p4_algemas`
--
ALTER TABLE `p4_algemas`
  ADD CONSTRAINT `p4_algemas_ibfk_1` FOREIGN KEY (`id_pm`) REFERENCES `p1` (`id`);

--
-- Limitadores para a tabela `p4_armas`
--
ALTER TABLE `p4_armas`
  ADD CONSTRAINT `p4_armas_ibfk_1` FOREIGN KEY (`id_pm`) REFERENCES `p1` (`id`);

--
-- Limitadores para a tabela `p4_cartucho_taser`
--
ALTER TABLE `p4_cartucho_taser`
  ADD CONSTRAINT `p4_cartucho_taser_ibfk_1` FOREIGN KEY (`id_taser`) REFERENCES `p4_taser` (`id`);

--
-- Limitadores para a tabela `p4_coletes`
--
ALTER TABLE `p4_coletes`
  ADD CONSTRAINT `fk_idTipoTamanho` FOREIGN KEY (`idTipoTamanho`) REFERENCES `p4_tipotamanho` (`id`),
  ADD CONSTRAINT `p4_coletes_ibfk_1` FOREIGN KEY (`id_pm`) REFERENCES `p1` (`id`),
  ADD CONSTRAINT `p4_coletes_ibfk_2` FOREIGN KEY (`idMarca`) REFERENCES `p4_modelos` (`idModelo`);

--
-- Limitadores para a tabela `p4_ht`
--
ALTER TABLE `p4_ht`
  ADD CONSTRAINT `p4_ht_ibfk_1` FOREIGN KEY (`estado`) REFERENCES `p4_status` (`idStatus`),
  ADD CONSTRAINT `p4_ht_ibfk_2` FOREIGN KEY (`idMarca`) REFERENCES `p4_modelos` (`idModelo`);

--
-- Limitadores para a tabela `p4_inventario`
--
ALTER TABLE `p4_inventario`
  ADD CONSTRAINT `p4_inventario_ibfk_1` FOREIGN KEY (`idLocComp`) REFERENCES `p4_localcomplemento` (`idLocComp`),
  ADD CONSTRAINT `p4_inventario_ibfk_2` FOREIGN KEY (`idStatus`) REFERENCES `p4_status` (`idStatus`);

--
-- Limitadores para a tabela `p4_localcomplemento`
--
ALTER TABLE `p4_localcomplemento`
  ADD CONSTRAINT `p4_localcomplemento_ibfk_1` FOREIGN KEY (`idLocal`) REFERENCES `p4_local` (`idLocal`),
  ADD CONSTRAINT `p4_localcomplemento_ibfk_2` FOREIGN KEY (`idComplemento`) REFERENCES `p4_complemento` (`idComplemento`);

--
-- Limitadores para a tabela `p4_modelos`
--
ALTER TABLE `p4_modelos`
  ADD CONSTRAINT `p4_modelos_ibfk_1` FOREIGN KEY (`idMarca`) REFERENCES `p4_marcas` (`idMarca`),
  ADD CONSTRAINT `p4_modelos_ibfk_2` FOREIGN KEY (`idTipo`) REFERENCES `p4_tipos` (`id`);

--
-- Limitadores para a tabela `p4_municoes`
--
ALTER TABLE `p4_municoes`
  ADD CONSTRAINT `p4_municoes_ibfk_1` FOREIGN KEY (`id_pm`) REFERENCES `p1` (`id`),
  ADD CONSTRAINT `p4_municoes_ibfk_2` FOREIGN KEY (`idMarca`) REFERENCES `p4_modelos` (`idModelo`);

--
-- Limitadores para a tabela `p4_tipotamanho`
--
ALTER TABLE `p4_tipotamanho`
  ADD CONSTRAINT `fk_tamanho` FOREIGN KEY (`idTamanho`) REFERENCES `p4_tamanhos` (`idTamanhos`),
  ADD CONSTRAINT `fk_tipo` FOREIGN KEY (`idTipo`) REFERENCES `p4_tipos` (`id`);

--
-- Limitadores para a tabela `p4_tpd`
--
ALTER TABLE `p4_tpd`
  ADD CONSTRAINT `p4_tpd_ibfk_1` FOREIGN KEY (`estado`) REFERENCES `p4_status` (`idStatus`),
  ADD CONSTRAINT `p4_tpd_ibfk_2` FOREIGN KEY (`idMarca`) REFERENCES `p4_modelos` (`idModelo`);

--
-- Limitadores para a tabela `p4_viaturas`
--
ALTER TABLE `p4_viaturas`
  ADD CONSTRAINT `p4_viaturas_ibfk_1` FOREIGN KEY (`estado`) REFERENCES `p4_status` (`idStatus`),
  ADD CONSTRAINT `p4_viaturas_ibfk_2` FOREIGN KEY (`modalidade`) REFERENCES `p4_modalidades` (`idModalidades`),
  ADD CONSTRAINT `p4_viaturas_ibfk_3` FOREIGN KEY (`idModelo`) REFERENCES `p4_modelos` (`idModelo`);

--
-- Limitadores para a tabela `permissoes`
--
ALTER TABLE `permissoes`
  ADD CONSTRAINT `permissoes_ibfk_1` FOREIGN KEY (`permissao`) REFERENCES `descricaopermissao` (`id_permissao`),
  ADD CONSTRAINT `permissoes_ibfk_2` FOREIGN KEY (`id_pm`) REFERENCES `p1` (`id`);
COMMIT;

/*!40101 SET CHARACTER_SET_CLIENT=@OLD_CHARACTER_SET_CLIENT */;
/*!40101 SET CHARACTER_SET_RESULTS=@OLD_CHARACTER_SET_RESULTS */;
/*!40101 SET COLLATION_CONNECTION=@OLD_COLLATION_CONNECTION */;
